layer,head,p_faithful,delta
0,0,1.1547823312655641e-12,4.2320302593700686e-14
0,1,6.26816466340369e-13,-4.856455623314945e-13
0,2,1.0193371807757197e-12,-9.312484789614374e-14
0,3,1.1317865535966273e-12,1.9324524924763877e-14
0,4,9.0325318293612e-13,-2.092088457357435e-13
0,5,1.2286316586008188e-12,1.1616962992895532e-13
0,6,1.0324376170641777e-12,-8.00244116076858e-14
0,7,9.920164900397824e-13,-1.2044553863208111e-13
0,8,1.4630614110449857e-12,3.505993823731223e-13
0,9,9.589346801440974e-13,-1.535273485277661e-13
0,10,1.004511504147317e-12,-1.079505245245465e-13
0,11,7.697173712866124e-13,-3.427446573852511e-13
0,12,5.814675549698481e-13,-5.309944737020154e-13
0,13,1.0123244740000645e-12,-1.0013755467179921e-13
0,14,1.0469555132027314e-12,-6.550651546913209e-14
0,15,1.039744483968044e-12,-7.271754470381953e-14
1,0,1.081036552151436e-12,-3.1425476520427454e-14
1,1,1.056637634742203e-12,-5.5824393929660536e-14
1,2,1.0828923839258517e-12,-2.956964474601173e-14
1,3,1.1301576930641313e-12,1.7695664392267675e-14
1,4,1.1601992469259965e-12,4.7737218254132856e-14
1,5,1.172643914823254e-12,6.01818861513904e-14
1,6,1.049547360762118e-12,-6.29146679097455e-14
1,7,1.09637245119405e-12,-1.608957747781361e-14
1,8,1.0842996933103018e-12,-2.8162335361561704e-14
1,9,1.1274405937048405e-12,1.4978565032977064e-14
1,10,1.0124805879558899e-12,-9.998144071597339e-14
1,11,1.101375981213487e-12,-1.1086047458376748e-14
1,12,1.1795912462867312e-12,6.712921761486777e-14
1,13,1.075137561657555e-12,-3.732446701430874e-14
1,14,1.119257924394162e-12,6.7958957222984565e-15
1,15,1.159245124369899e-12,4.678309569803548e-14
2,0,1.1883009705657802e-12,7.583894189391677e-14
2,1,1.0668687275995281e-12,-4.559330107233536e-14
2,2,1.1449449254733862e-12,3.2482896801522735e-14
2,3,1.2102697945230994e-12,9.78077658512359e-14
2,4,1.1704655575427373e-12,5.800352887087384e-14
2,5,1.1023894862609521e-12,-1.0072542410911346e-14
2,6,1.1125475670663924e-12,8.553839452888803e-17
2,7,1.1004442646700649e-12,-1.2017764001798611e-14
2,8,1.1539163205098337e-12,4.1454291837970046e-14
2,9,1.1435964913890756e-12,3.1134462717212096e-14
2,10,1.116930237555183e-12,4.468208883319438e-15
2,11,1.1689791005173698e-12,5.6517071845506324e-14
2,12,1.1763683321619826e-12,6.390630349011912e-14
2,13,1.095955729906427e-12,-1.6506298765436755e-14
2,14,1.111431913566698e-12,-1.0301151051654657e-15
2,15,1.0689947252989218e-12,-4.3467303372941714e-14
3,0,1.0628961023134449e-12,-4.9565926358418617e-14
3,1,1.1278573807767985e-12,1.5395352104935003e-14
3,2,1.200036528344983e-12,8.757449967311925e-14
3,3,1.2103546956450797e-12,9.789266697321608e-14
3,4,1.1742696147824502e-12,6.180758611058672e-14
3,5,1.1272854338433973e-12,1.482340517153387e-14
3,6,1.136074093683393e-12,2.3612065011529477e-14
3,7,1.1304024996753731e-12,1.794047100350968e-14
3,8,1.2492234017042186e-12,1.3676137303235513e-13
3,9,1.1554153536731725e-12,4.295332500130906e-14
3,10,1.0913694607081304e-12,-2.109256796373305e-14
3,11,1.2076510562925572e-12,9.518902762069372e-14
3,12,1.1047991501371856e-12,-7.662878534677895e-15
3,13,1.1199900577664357e-12,7.528029094572043e-15
3,14,1.2115536975636628e-12,9.909166889179936e-14
3,15,1.1657411836965314e-12,5.3279155024667903e-14
4,0,1.053915828947384e-12,-5.85461997244794e-14
4,1,1.1068862106669443e-12,-5.5758180049191555e-15
4,2,1.177049611146121e-12,6.458758247425744e-14
4,3,1.2363776918179724e-12,1.239156631461089e-13
4,4,1.1774210594787764e-12,6.495903080691291e-14
4,5,1.1884604635843444e-12,7.599843491248088e-14
4,6,1.1299006457421706e-12,1.743861707030716e-14
4,7,1.1453067041891518e-12,3.2844675517288344e-14
4,8,1.0168874084947283e-12,-9.557462017713516e-14
4,9,1.2815981734170817e-12,1.6913614474521825e-13
4,10,1.1047199436652923e-12,-7.742085006571196e-15
4,11,1.0712106194709473e-12,-4.12514092009162e-14
4,12,1.1604766241800427e-12,4.80145955081792e-14
4,13,1.1293533661889163e-12,1.689133751705283e-14
4,14,1.1102248517990646e-12,-2.2371768727988883e-15
4,15,1.2014270395922891e-12,8.896501092042564e-14
5,0,1.1082895946246747e-12,-4.1724340471887505e-15
5,1,1.2237981492971346e-12,1.1133612062527115e-13
5,2,1.128368076408906e-12,1.590604773704248e-14
5,3,1.0527729961305203e-12,-5.96890325413432e-14
5,4,1.2480689213713296e-12,1.3560689269946617e-13
5,5,1.0733770828279451e-12,-3.9084945843918356e-14
5,6,1.1447951135482518e-12,3.233308487638837e-14
5,7,1.1538079790064618e-12,4.13459503345983e-14
5,8,1.0895921698841325e-12,-2.286985878773095e-14
5,9,1.149854610612661e-12,3.7392581940797574e-14
5,10,1.12184812003227e-12,9.386091360406467e-15
5,11,1.1348340185324889e-12,2.237198986062541e-14
5,12,1.1732211271683843e-12,6.07590984965208e-14
5,13,1.1662866673930932e-12,5.3824638721229704e-14
5,14,1.1504711088633064e-12,3.8009080191442906e-14
5,15,1.1584036439804339e-12,4.5941615308570425e-14
6,0,1.2272663915003882e-12,1.1480436282852477e-13
6,1,1.0726535112139689e-12,-3.980851745789457e-14
6,2,1.1342064687795435e-12,2.1744440107680018e-14
6,3,1.1170736951258038e-12,4.61166645394036e-15
6,4,1.3850389315613704e-12,2.7257690288950694e-13
6,5,1.1524739544619916e-12,4.001192579012818e-14
6,6,1.270799669999537e-12,1.5833764132767343e-13
6,7,1.1108753893190772e-12,-1.586639352786298e-15
6,8,1.1287869285742892e-12,1.6324899902425682e-14
6,9,1.2252717360662047e-12,1.128097073943412e-13
6,10,1.1464943945244097e-12,3.403236585254622e-14
6,11,1.2064342245598389e-12,9.397219588797543e-14
6,12,1.0913862225564666e-12,-2.1075806115396903e-14
6,13,1.1906815658232125e-12,7.8219537151349e-14
6,14,1.1306252218962573e-12,1.816319322439379e-14
6,15,1.0710036725315847e-12,-4.145835614027878e-14
7,0,1.1702524011226919e-12,5.779037245082839e-14
7,1,1.0912359904380765e-12,-2.122603823378699e-14
7,2,1.3199178665979772e-12,2.0745583792611376e-13
7,3,1.1163578222762153e-12,3.8957936043517996e-15
7,4,1.1944521964025742e-12,8.199016773071076e-14
7,5,1.096532209633287e-12,-1.5929819038576386e-14
7,6,1.1794049693792537e-12,6.69429407073902e-14
7,7,1.2326714531502633e-12,1.2020942447839984e-13
7,8,1.1964112110228291e-12,8.394918235096567e-14
7,9,1.204173497545241e-12,9.17114688733776e-14
7,10,1.140711350589281e-12,2.824932191741756e-14
7,11,1.2186321098985501e-12,1.0617008122668666e-13
7,12,1.1432141207710758e-12,3.0752092099212294e-14
7,13,1.264281274046975e-12,1.5181924537511145e-13
7,14,1.1274986053531078e-12,1.503657668124434e-14
7,15,1.157380545781915e-12,4.4918517110051557e-14
8,0,1.1641063879194075e-12,5.164435924754407e-14
8,1,1.102094023378737e-12,-1.036800529312646e-14
8,2,1.1087381655671487e-12,-3.723863104714786e-15
8,3,1.059545569327806e-12,-5.2916459344057484e-14
8,4,1.330880789598919e-12,2.1841876092705557e-13
8,5,1.2786735982711391e-12,1.6621156959927564e-13
8,6,1.1747180933583132e-12,6.225606468644973e-14
8,7,1.1594106004532687e-12,4.69485717814052e-14
8,8,1.0975776419966763e-12,-1.4884386675187173e-14
8,9,1.1715329556664952e-12,5.907092699463174e-14
8,10,1.1161454657284781e-12,3.683437056614638e-15
8,11,1.1460966917359316e-12,3.3634663064068106e-14
8,12,1.3620161445635585e-12,2.49554115891695e-13
8,13,1.107543268405836e-12,-4.91876026602754e-15
8,14,1.0051029602196013e-12,-1.0735906845226216e-13
8,15,1.0614782859292832e-12,-5.098374274258024e-14
9,0,1.2447305670566028e-12,1.322685383847393e-13
9,1,1.1396949449036425e-12,2.7232916231779028e-14
9,2,1.1864424649314525e-12,7.398043625958906e-14
9,3,1.011102972274717e-12,-1.0135905639714641e-13
9,4,1.1917765021603187e-12,7.931447348845521e-14
9,5,1.1305943351694473e-12,1.8132306497583844e-14
9,6,1.084032756537726e-12,-2.8429272134137546e-14
9,7,1.147310027166531e-12,3.4847998494667453e-14
9,8,1.1454623499008789e-12,3.3000321229015406e-14
9,9,9.458687758117412e-13,-1.6659325286012223e-13
9,10,1.1456815489877954e-12,3.321952031593192e-14
9,11,1.1311003742149237e-12,1.863834554306025e-14
9,12,1.0729398105338977e-12,-3.95222181379658e-14
9,13,1.1339977484661e-12,2.153571979423644e-14
9,14,1.1412605729219452e-12,2.879854425008178e-14
9,15,1.0961794219778295e-12,-1.6282606694033923e-14
10,0,1.0826909635333082e-12,-2.977106513855529e-14
10,1,1.1886501891593668e-12,7.618816048750335e-14
10,2,1.1090864712974461e-12,-3.3755573744173344e-15
10,3,1.0477548558086786e-12,-6.47071728631849e-14
10,4,1.112457513264323e-12,-4.515407540438549e-18
10,5,1.1626108247629824e-12,5.0148796091118895e-14
10,6,1.1835133566129657e-12,7.10513279411022e-14
10,7,1.1019259265048423e-12,-1.0536102167021196e-14
10,8,9.184644261248047e-13,-1.9399760254705875e-13
10,9,1.1521878039857301e-12,3.9725775313866633e-14
10,10,1.1352220011590877e-12,2.27599724872242e-14
10,11,1.151895861732622e-12,3.9433833060758496e-14
10,12,1.2053992658382518e-12,9.293723716638835e-14
10,13,1.1619379268049523e-12,4.9475898133088863e-14
10,14,1.1556320131750668e-12,4.31699845032033e-14
10,15,1.082700940880923e-12,-2.976108779094047e-14
11,0,1.199763522854861e-12,8.730149418299744e-14
11,1,1.146163485562653e-12,3.37014568907895e-14
11,2,1.1979243300919878e-12,8.546230142012435e-14
11,3,1.0449714444218136e-12,-6.749058425004987e-14
11,4,1.0976899087748813e-12,-1.4772119896982206e-14
11,5,1.0822834608739363e-12,-3.017856779792719e-14
11,6,1.1464645655438578e-12,3.400253687199433e-14
11,7,1.0743176572722978e-12,-3.81443713995657e-14
11,8,1.1128007279995165e-12,3.3869932765305113e-16
11,9,1.1041659835266297e-12,-8.296045145233785e-15
11,10,1.185481863231902e-12,7.301983456003848e-14
11,11,1.1985051665911088e-12,8.604313791924536e-14
11,12,1.1215100762599055e-12,9.048047588042037e-15
11,13,1.2039764448957365e-12,9.151441622387301e-14
11,14,1.1735377671835895e-12,6.107573851172604e-14
11,15,1.0707368869865318e-12,-4.172514168533163e-14
12,0,1.2797454489650713e-12,1.6728342029320785e-13
12,1,1.1793136689012988e-12,6.68516402294353e-14
12,2,1.1809404508842679e-12,6.847842221240439e-14
12,3,1.0607445019012388e-12,-5.171752677062462e-14
12,4,1.0865976753873082e-12,-2.5864353284555225e-14
12,5,1.1713945771997446e-12,5.893254852788113e-14
12,6,1.067565835824464e-12,-4.4896192847399503e-14
12,7,1.0667630582273399e-12,-4.569897044452362e-14
12,8,1.1552558528116757e-12,4.2793824139812184e-14
12,9,1.0713279968407164e-12,-4.113403183114704e-14
12,10,1.1231527143785434e-12,1.0690685706679925e-14
12,11,1.1997496182938163e-12,8.728758962195288e-14
12,12,1.1484235233564992e-12,3.596149468463577e-14
12,13,1.092949754336497e-12,-1.9512274335366522e-14
12,14,1.2120186204166812e-12,9.955659174481775e-14
12,15,1.123252823138882e-12,1.0790794467018624e-14
13,0,1.0838678923345083e-12,-2.859413633735519e-14
13,1,1.1459831172274038e-12,3.3521088555540284e-14
13,2,1.088902583026588e-12,-2.3559445645275392e-14
13,3,1.1547466509360358e-12,4.228462226417236e-14
13,4,1.0792358132565758e-12,-3.322621541528769e-14
13,5,1.1149487068227798e-12,2.4866781509163637e-15
13,6,1.2196736915861924e-12,1.0721166291432889e-13
13,7,1.2381646126666873e-12,1.257025839948238e-13
13,8,1.2307223083929868e-12,1.1826027972112335e-13
13,9,1.078142646973799e-12,-3.431938169806456e-14
13,10,1.0072829713120948e-12,-1.0517905735976864e-13
13,11,1.1191412619107468e-12,6.6792332388833726e-15
13,12,1.1283205771163841e-12,1.585854844452065e-14
13,13,1.1341936146556314e-12,2.1731585983767897e-14
13,14,1.1104879019297654e-12,-1.9741267420981067e-15
13,15,1.0238021724423018e-12,-8.865985622956168e-14
14,0,1.219363936979235e-12,1.0690190830737163e-13
14,1,1.164858971688364e-12,5.239694301650053e-14
14,2,1.0104139469080027e-12,-1.0204808176386077e-13
14,3,1.1587092668095175e-12,4.6247238137654016e-14
14,4,1.041133947460804e-12,-7.132808121105947e-14
14,5,1.148531589497905e-12,3.606956082604152e-14
14,6,1.2124147218266643e-12,9.995269315480087e-14
14,7,1.4036698372850733e-12,2.9120780861320985e-13
14,8,1.1455631780335688e-12,3.310114936170534e-14
14,9,1.0608043096220532e-12,-5.165771904981026e-14
14,10,1.0326547354657084e-12,-7.98072932061551e-14
14,11,1.0816003718396316e-12,-3.086165683223183e-14
14,12,1.0888362488340395e-12,-2.362577983782393e-14
14,13,1.0546019462142834e-12,-5.786008245758006e-14
14,14,1.2521533593742793e-12,1.3969133070241587e-13
14,15,1.1656050716807105e-12,5.3143043008847033e-14
15,0,8.108768657458811e-13,-3.0158516292598233e-13
15,1,1.2950856438383201e-12,1.8262361516645664e-13
15,2,1.1090370592337364e-12,-3.4249694381270685e-15
15,3,1.1856332501533539e-12,7.317122148149041e-14
15,4,1.1753015049967276e-12,6.283947632486411e-14
15,5,1.0593172688558e-12,-5.31447598160635e-14
15,6,1.3148650857491907e-12,2.024030570773272e-13
15,7,1.1965729663195512e-12,8.411093764768775e-14
15,8,1.109184130982392e-12,-3.277897689471455e-15
15,9,1.0220419923298271e-12,-9.042003634203636e-14
15,10,1.175813184960214e-12,6.33511562883506e-14
15,11,1.3596690811955106e-12,2.472070525236471e-13
15,12,1.2268881908514275e-12,1.14426162179564e-13
15,13,1.353581063364415e-12,2.4111903469255156e-13
15,14,8.849579145096633e-13,-2.275041141622002e-13
15,15,1.00754410633691e-12,-1.0491792233495345e-13
16,0,9.966971774675322e-13,-1.1576485120433123e-13
16,1,1.146022795357701e-12,3.3560766685837576e-14
16,2,7.593588627513706e-13,-3.531031659204929e-13
16,3,1.3800091911425381e-12,2.6754716247067465e-13
16,4,1.4490040619056298e-12,3.3654203323376637e-13
16,5,1.061700139845601e-12,-5.0761888826262496e-14
16,6,8.915792159788266e-13,-2.2088281269303689e-13
16,7,1.0758636438522926e-12,-3.659838481957085e-14
16,8,1.1352732228125785e-12,2.281119414071507e-14
16,9,8.929673861118332e-13,-2.1949464256003027e-13
16,10,8.996449723376913e-13,-2.128170563341722e-13
16,11,1.2288466534882298e-12,1.163846248163663e-13
16,12,1.1222399484093459e-12,9.777919737482394e-15
16,13,1.0339957415607623e-12,-7.846628711110116e-14
16,14,1.8756229160687388e-12,7.631608873968753e-13
16,15,1.106959251525512e-12,-5.5027771463514445e-15
17,0,1.1423204374243794e-12,2.985840875251592e-14
17,1,9.822921653279289e-13,-1.3016986334393462e-13
17,2,9.660440516828871e-13,-1.4641797698897632e-13
17,3,1.0053937835629838e-12,-1.0706824510887969e-13
17,4,1.2783164184930303e-12,1.658543898211668e-13
17,5,1.4869011977377993e-12,3.7443916906593583e-13
17,6,1.1303785295435686e-12,1.791650087170517e-14
17,7,1.2997642729523745e-12,1.8730224428051106e-13
17,8,1.184564625394485e-12,7.210259672262151e-14
17,9,1.1814552879065603e-12,6.899325923469681e-14
17,10,1.1685546633715535e-12,5.609263469969002e-14
17,11,1.1264557294501709e-12,1.3993700778307425e-14
17,12,1.1554041254740644e-12,4.294209680220095e-14
17,13,1.1927863486878265e-12,8.032432001596305e-14
17,14,1.1340239432867695e-12,2.1561914614906e-14
17,15,1.189797508682337e-12,7.733548001047346e-14
18,0,1.1243933136194245e-12,1.1931284947561016e-14
18,1,1.0285808425093122e-12,-8.388118616255126e-14
18,2,1.2938098818207977e-12,1.8134785314893422e-13
18,3,1.3178359396412233e-12,2.0537391096935983e-13
18,4,1.1982890848447787e-12,8.582705617291525e-14
18,5,1.28160108807573e-12,1.691390594038665e-13
18,6,1.1878357064983958e-12,7.537367782653231e-14
18,7,1.191159207520032e-12,7.869717884816845e-14
18,8,1.1415220230798853e-12,2.905999440802185e-14
18,9,1.2842776862704125e-12,1.7181565759854904e-13
18,10,1.0731003899711633e-12,-3.93616387007002e-14
18,11,1.37439780287164e-12,2.6193577419977645e-13
18,12,1.2906501757373554e-12,1.7818814706549197e-13
18,13,1.147729154833792e-12,3.5267126161928516e-14
18,14,9.579147767833778e-13,-1.5454725188848566e-13
18,15,1.2880540902569093e-12,1.755920615850458e-13
19,0,1.4825093259127713e-12,3.7004729724090785e-13
19,1,1.409074410706166e-12,2.9661238203430257e-13
19,2,1.190626383451223e-12,7.816435477935954e-14
19,3,1.2208125542742359e-12,1.0835052560237241e-13
19,4,1.1487745462118787e-12,3.631251754001522e-14
19,5,1.2331168403713003e-12,1.2065481169943684e-13
19,6,9.846460189062927e-13,-1.278160097655708e-13
19,7,1.1613810770111843e-12,4.8919048339320834e-14
19,8,1.182310266134411e-12,6.98482374625476e-14
19,9,1.0785010205537783e-12,-3.396100811808519e-14
19,10,1.086591521286131e-12,-2.587050738573237e-14
19,11,1.3560040451431444e-12,2.4354201647128093e-13
19,12,1.1996294593554508e-12,8.716743068358732e-14
19,13,1.264749487332456e-12,1.5228745866059262e-13
19,14,1.3230232382713403e-12,2.105612095994768e-13
19,15,1.239592279203295e-12,1.2713025053143146e-13
20,0,1.029519843367178e-12,-8.294218530468537e-14
20,1,1.118397668334583e-12,5.93563966271963e-15
20,2,1.173490461796699e-12,6.102843312483545e-14
20,3,1.2063040494521452e-12,9.384202078028178e-14
20,4,1.1833661983951029e-12,7.09041697232394e-14
20,5,1.202853843596003e-12,9.039181492413944e-14
20,6,1.2412830260366985e-12,1.2882099736483503e-13
20,7,1.116329992060548e-12,3.867963388684498e-15
20,8,7.488299273431935e-13,-3.6363210132867e-13
20,9,1.1447814174030043e-12,3.2319388731140866e-14
20,10,1.1530705413673436e-12,4.06085126954801e-14
20,11,1.513357595319316e-12,4.008955666474526e-13
20,12,1.3211418907638078e-12,2.086798620919443e-13
20,13,1.1650995051668069e-12,5.263747649494339e-14
20,14,1.1216295016589154e-12,9.167472987051947e-15
20,15,1.0855235948763062e-12,-2.6938433795557244e-14
21,0,1.2583578217230748e-12,1.4589579305121132e-13
21,1,1.0196952712125632e-12,-9.276675745930025e-14
21,2,1.176124378620373e-12,6.366234994850952e-14
21,3,1.3296471257992114e-12,2.1718509712734795e-13
21,4,1.2539433209282118e-12,1.4148129225634835e-13
21,5,1.1743022098842764e-12,6.184018121241293e-14
21,6,1.1947127664340403e-12,8.225073776217687e-14
21,7,1.2308232110034435e-12,1.1836118233158004e-13
21,8,1.1664575787063236e-12,5.39955500344601e-14
21,9,9.581676399352627e-13,-1.5429438873660074e-13
21,10,1.287129028420905e-12,1.7466699974904155e-13
21,11,1.3924370720492652e-12,2.7997504337740173e-13
21,12,1.0435747589187986e-12,-6.88872697530649e-14
21,13,1.2003343006064377e-12,8.787227193457428e-14
21,14,1.2591702947419725e-12,1.46708266070109e-13
21,15,1.2034141551103834e-12,9.095212643851994e-14
22,0,1.5198408726543919e-12,4.073788439825284e-13
22,1,9.086714960156268e-13,-2.0379053265623671e-13
22,2,1.32737373663782e-12,2.149117079659566e-13
22,3,1.7730140059563915e-12,6.60551977284528e-13
22,4,1.1855530903695123e-12,7.309106169764879e-14
22,5,1.2626348411737807e-12,1.5017281250191726e-13
22,6,1.3440779903004084e-12,2.316159616285449e-13
22,7,1.22065630213135e-12,1.0819427345948659e-13
22,8,1.0252859102341433e-12,-8.717611843772015e-14
22,9,1.2745352170143331e-12,1.6207318834246968e-13
22,10,1.1837825515013264e-12,7.132052282946297e-14
22,11,1.1139267958701344e-12,1.4647671982709692e-15
22,12,1.0413413489209452e-12,-7.11206797509183e-14
22,13,1.1499679268643726e-12,3.750589819250915e-14
22,14,1.085042411536526e-12,-2.7419617135337467e-14
22,15,1.4271154569129076e-12,3.1465342824104413e-13
23,0,1.1349659981717148e-12,2.2503969499851366e-14
23,1,1.4711058845603292e-12,3.586438558884657e-13
23,2,1.0592737945737204e-12,-5.318823409814308e-14
23,3,1.2222628260401222e-12,1.098007973682587e-13
23,4,1.1902224073672049e-12,7.776037869534142e-14
23,5,1.2906200152997025e-12,1.78157986627839e-13
23,6,1.2509173741997948e-12,1.3845534552793136e-13
23,7,1.1638980254934552e-12,5.143599682159176e-14
23,8,1.2795741473379243e-12,1.6711211866606085e-13
23,9,1.065590091191455e-12,-4.687193748040847e-14
23,10,1.160347582574171e-12,4.788555390230751e-14
23,11,1.2614653103933198e-12,1.4900328172145634e-13
23,12,1.0534041353198194e-12,-5.905789335204408e-14
23,13,1.0274607895967482e-12,-8.500123907511531e-14
23,14,1.0231464719337963e-12,-8.931555673806718e-14
23,15,1.2649111621509643e-12,1.5244913347910082e-13
24,0,1.5238636508255656e-12,4.114016221537022e-13
24,1,5.005653626122155e-13,-6.11896666059648e-13
24,2,1.5696201745411832e-12,4.571581458693197e-13
24,3,1.2282631651678092e-12,1.1580113649594574e-13
24,4,1.0718946647890635e-12,-4.05673638828e-14
24,5,1.1850220000199031e-12,7.255997134803963e-14
24,6,1.4354138093888098e-12,3.229517807169463e-13
24,7,1.1552794837613e-12,4.281745508943648e-14
24,8,1.3476328812733033e-12,2.351708526014398e-13
24,9,8.27120673340432e-13,-2.8534135533143143e-13
24,10,1.0787102264717147e-12,-3.375180220014873e-14
24,11,1.4123285629141128e-12,2.9986653424224936e-13
24,12,1.10408521439113e-12,-8.376814280733449e-15
24,13,9.984765913711041e-13,-1.1398543730075933e-13
24,14,1.3080991088096376e-12,1.9563708013777417e-13
24,15,1.3619142771898226e-12,2.494522485179591e-13
25,0,1.1183579646603184e-12,5.895935988454943e-15
25,1,1.1369445447950704e-12,2.4482516123206936e-14
25,2,1.1413560315697197e-12,2.8894002897856203e-14
25,3,1.141028670970151e-12,2.8566642298287554e-14
25,4,1.223617340700755e-12,1.1115531202889158e-13
25,5,1.1291261803735097e-12,1.6664151701646254e-14
25,6,1.1941990735279515e-12,8.173704485608803e-14
25,7,1.105173967189513e-12,-7.288061482350504e-15
25,8,1.0805473983671222e-12,-3.191463030474123e-14
25,9,1.5635913783896664e-12,4.511293497178029e-13
25,10,1.4067532026372272e-12,2.942911739653637e-13
25,11,7.887072059792103e-13,-3.2375482269265316e-13
25,12,1.7330804953729385e-12,6.20618466701075e-13
25,13,1.160926158792027e-12,4.846413012016351e-14
25,14,1.0079160326904665e-12,-1.0454599598139695e-13
25,15,4.837156109913387e-13,-6.287464176805248e-13
26,0,1.1873728841900308e-12,7.491085551816732e-14
26,1,1.1230328004299626e-12,1.057077175809911e-14
26,2,1.1958890930824175e-12,8.342706441055407e-14
26,3,1.0363992066343482e-12,-7.606282203751524e-14
26,4,1.1181780736391638e-12,5.716044967300313e-15
26,5,1.0866288485558926e-12,-2.5833180115970843e-14
26,6,1.2378332257546157e-12,1.2537119708275227e-13
26,7,1.1344052770267812e-12,2.1943248354917762e-14
26,8,1.141460454876403e-12,2.8998426204539436e-14
26,9,9.46643642638726e-13,-1.6581838603313743e-13
26,10,1.068069630697742e-12,-4.4392397974121536e-14
26,11,1.265695772562117e-12,1.5323374389025345e-13
26,12,1.1531298333226118e-12,4.066780465074828e-14
26,13,1.24101909664893e-12,1.285570679770665e-13
26,14,1.1614697622109458e-12,4.900773353908231e-14
26,15,1.1060279302830393e-12,-6.434098388824174e-15
27,0,1.1715112768004083e-12,5.904924812854487e-14
27,1,1.2390282655710242e-12,1.265662368991607e-13
27,2,1.1069523854156242e-12,-5.509643256239252e-15
27,3,1.2039519630908027e-12,9.148993441893923e-14
27,4,1.1612097066168103e-12,4.8747677944946794e-14
27,5,1.1639957220271705e-12,5.153369335530701e-14
27,6,1.265552835255014e-12,1.530908065831506e-13
27,7,1.1221239356792954e-12,9.66190700743195e-15
27,8,1.0510392245864395e-12,-6.1422804085424e-14
27,9,1.0589920998588174e-12,-5.346992881304608e-14
27,10,1.1083362782036705e-12,-4.125750468192985e-15
27,11,1.1637201009985692e-12,5.1258072326705766e-14
27,12,1.2004173164004043e-12,8.795528772854082e-14
27,13,1.356518759622962e-12,2.440567309510986e-13
27,14,7.496315782164923e-13,-3.6283045045537114e-13
27,15,1.1243149537881583e-12,1.1852925116294877e-14
28,0,1.3465233063741515e-12,2.3406127770228803e-13
28,1,1.1536810125084156e-12,4.121898383655209e-14
28,2,1.3302157703988328e-12,2.1775374172696936e-13
28,3,1.1535789003550776e-12,4.11168716832141e-14
28,4,8.538597966996813e-13,-2.586022319721822e-13
28,5,1.1745435471714617e-12,6.208151849959827e-14
28,6,1.4595947129878368e-12,3.471326843159733e-13
28,7,1.1498313920190318e-12,3.736936334716836e-14
28,8,1.1302725309084348e-12,1.7810502236571358e-14
28,9,9.357887800582511e-13,-1.7667324861361233e-13
28,10,1.0141046012799525e-12,-9.835742739191101e-14
28,11,1.0973018250368756e-12,-1.516020363498787e-14
28,12,1.0790044584218912e-12,-3.3457570249972236e-14
28,13,1.0898539385582876e-12,-2.2608090113575846e-14
28,14,1.0128674914974921e-12,-9.959453717437132e-14
28,15,7.774805797148944e-13,-3.3498144895696905e-13
29,0,1.1870749575807698e-12,7.46129289089063e-14
29,1,1.139894902732463e-12,2.7432874060599553e-14
29,2,1.1832013792610966e-12,7.073935058923309e-14
29,3,1.1515137839715369e-12,3.90517552996734e-14
29,4,1.1354974192939921e-12,2.3035390622128633e-14
29,5,1.1578875726606592e-12,4.5425543988795685e-14
29,6,1.1444202590232246e-12,3.1958230351361147e-14
29,7,1.1150177638052582e-12,2.5557351333947715e-15
29,8,1.0802781216865124e-12,-3.218390698535105e-14
29,9,1.1283633854474846e-12,1.5901356775621114e-14
29,10,1.0809757082011434e-12,-3.148632047072005e-14
29,11,1.1473169933970997e-12,3.4854964725236244e-14
29,12,1.1226196157424922e-12,1.0157587070628689e-14
29,13,1.0400841317119964e-12,-7.237789695986703e-14
29,14,1.0185776081319283e-12,-9.388442053993516e-14
29,15,1.1897608877876348e-12,7.72988591157713e-14
30,0,1.126876320555918e-12,1.4414291884054608e-14
30,1,1.0496664796388742e-12,-6.279554903298926e-14
30,2,1.0837671100027301e-12,-2.8694918669133365e-14
30,3,1.1032761907724228e-12,-9.185837899440696e-15
30,4,1.1459531116893254e-12,3.349108301746193e-14
30,5,1.4627267158541478e-12,3.5026468718228433e-13
30,6,1.1156220447551842e-12,3.1600160833207316e-15
30,7,1.4291595846991902e-12,3.166975560273267e-13
30,8,1.18780794477864e-12,7.534591610677661e-14
30,9,1.1560319495317602e-12,4.3569920859896756e-14
30,10,1.136859476611597e-12,2.4397447939733533e-14
30,11,1.2595466982167393e-12,1.4708466954487582e-13
30,12,1.1395601062600555e-12,2.709807758819205e-14
30,13,1.109320531500849e-12,-3.1414971710144183e-15
30,14,1.152994601152181e-12,4.0532572480317484e-14
30,15,1.1087140063286213e-12,-3.7480223432422145e-15
31,0,1.1542064401481383e-12,4.1744411476274836e-14
31,1,1.187407039516462e-12,7.494501084459849e-14
31,2,1.165976228782767e-12,5.3514200110903435e-14
31,3,1.03231696191324e-12,-8.014506675862346e-14
31,4,1.0265098398486607e-12,-8.595218882320272e-14
31,5,1.0885179884016353e-12,-2.394404027022818e-14
31,6,1.0723563613982043e-12,-4.010566727365915e-14
31,7,1.1603495214029665e-12,4.788749273110299e-14
31,8,1.3316754122451712e-12,2.1921338357330777e-13
31,9,1.4430440514676729e-12,3.305820227958094e-13
31,10,1.1595843810001695e-12,4.712235232830607e-14
31,11,1.1404978463418364e-12,2.8035817669972892e-14
31,12,1.2262362065339116e-12,1.1377417786204817e-13
31,13,1.0318674396705208e-12,-8.059458900134269e-14
31,14,1.2539458813515683e-12,1.4148385267970483e-13
31,15,1.0704029624737258e-12,-4.2059066198137705e-14
32,0,1.1229891797879635e-12,1.0527151116100025e-14
32,1,1.1090579220365182e-12,-3.4041066353453126e-15
32,2,1.0357640872217894e-12,-7.669794145007408e-14
32,3,1.1490509974673228e-12,3.658896879545935e-14
32,4,1.1113597478236229e-12,-1.1022808482406075e-15
32,5,1.142498095574986e-12,3.003606690312248e-14
32,6,1.1381621356473502e-12,2.5700106975486715e-14
32,7,1.1790018580292178e-12,6.653982935735436e-14
32,8,1.1190231937210103e-12,6.561165049146878e-15
32,9,1.1939889384618243e-12,8.152690978996082e-14
32,10,1.129919295165931e-12,1.745726649406748e-14
32,11,1.2821138438510989e-12,1.696518151792354e-13
32,12,1.1267751567643648e-12,1.431312809250131e-14
32,13,1.0776928784452213e-12,-3.4769150226642213e-14
32,14,1.166919888696201e-12,5.445786002433762e-14
32,15,1.2621706628743823e-12,1.497086342025188e-13
33,0,1.0701560003564842e-12,-4.230602831537925e-14
33,1,1.1081039866053765e-12,-4.358042066486995e-15
33,2,1.1083119786226866e-12,-4.1500500491768225e-15
33,3,1.1552479239432878e-12,4.278589527142437e-14
33,4,1.1287338178066607e-12,1.6271789134797184e-14
33,5,1.1880394462492862e-12,7.55774175774227e-14
33,6,1.1469161388844216e-12,3.4454110212558103e-14
33,7,1.1647247015831857e-12,5.2262672911322253e-14
33,8,1.0322989671164352e-12,-8.016306155542829e-14
33,9,1.1090206463469035e-12,-3.4413823249600035e-15
33,10,1.1514335715812142e-12,3.897154290935071e-14
33,11,1.1506823250248732e-12,3.8220296353009737e-14
33,12,1.1466392654851509e-12,3.41772368132874e-14
33,13,1.1435564402781557e-12,3.109441160629228e-14
33,14,1.2243233333427234e-12,1.1186130467085994e-13
33,15,1.1470453300628247e-12,3.458330139096128e-14
34,0,1.2231316275567105e-12,1.1066959888484698e-13
34,1,1.3056097060505697e-12,1.931476773787062e-13
34,2,1.1156013013147224e-12,3.139272642858887e-15
34,3,1.2252066071000727e-12,1.1274457842820925e-13
34,4,1.1173931689259725e-12,4.931140254109068e-15
34,5,9.955471023428193e-13,-1.1691492632904415e-13
34,6,1.7696559092617975e-12,6.571938805899341e-13
34,7,1.3894750292914197e-12,2.770130006195562e-13
34,8,9.89054507334304e-13,-1.2340752133755945e-13
34,9,1.110195700567766e-12,-2.2663281040974834e-15
34,10,1.1302330172644992e-12,1.7770988592635714e-14
34,11,1.1650758217969353e-12,5.2613793125071796e-14
34,12,1.1102896881027086e-12,-2.1723405691548255e-15
34,13,1.1757613580909682e-12,6.329932941910474e-14
34,14,1.080395416261647e-12,-3.206661241021652e-14
34,15,1.1856764672270095e-12,7.3214438555146e-14
35,0,1.168260052882101e-12,5.579802421023749e-14
35,1,1.111162329144649e-12,-1.2996995272144125e-15
35,2,1.1501605614669127e-12,3.769853279504928e-14
35,3,1.1089855952872271e-12,-3.4764333846363656e-15
35,4,1.1208680824171245e-12,8.406053745261064e-15
35,5,1.1592482013809404e-12,4.6786172709076905e-14
35,6,1.067913802570474e-12,-4.45482261013894e-14
35,7,1.1308162460985191e-12,1.8354217426655645e-14
35,8,9.828876246304382e-13,-1.2957440404142528e-13
35,9,1.130194978554812e-12,1.7732949882948544e-14
35,10,9.020412309932981e-13,-2.1042079767856535e-13
35,11,1.1175224759714244e-12,5.060447299560886e-15
35,12,1.0719476463331186e-12,-4.051438233874488e-14
35,13,9.196404685403733e-13,-1.9282156013149017e-13
35,14,1.1721234923774746e-12,5.96614637056111e-14
35,15,1.1063942461411858e-12,-6.067782530677663e-15
