layer,head,attrib_contrastive,attrib_ln_scaled,attrib_deceptive_only,pct_of_norm_v
29,6,0.522088885307312,0.17696860432624817,0.30906906723976135,4.878320212495026
28,11,0.5017215013504028,0.16997945308685303,0.19545699656009674,4.688010432630334
29,1,0.4761192202568054,0.16232392191886902,-0.14161944389343262,4.44878655934033
29,5,0.3983965516090393,0.13423269987106323,-0.16780447959899902,3.7225576046475446
29,2,0.3762038052082062,0.12821464240550995,0.11383408308029175,3.5151919119758177
28,10,0.3161545395851135,0.10736781358718872,0.12587600946426392,2.954100583509429
26,8,0.3087325394153595,0.10517330467700958,0.15114019811153412,2.884750527486037
27,0,0.267378568649292,0.09081277996301651,0.24314270913600922,2.4983452292075867
28,8,0.2670081853866577,0.09080411493778229,0.0992959514260292,2.494884423572134
27,1,0.2139856070280075,0.07265755534172058,0.2920675277709961,1.999449406652838
29,10,0.20745804905891418,0.07100893557071686,-0.11670991033315659,1.9384568843544228
28,14,0.2049514800310135,0.06957562267780304,0.1629132181406021,1.9150358794318139
27,10,0.19566044211387634,0.06635554134845734,0.3132304549217224,1.828221815118706
27,6,0.19225868582725525,0.06515071541070938,-0.03308000788092613,1.796436314760395
29,11,0.16971245408058167,0.05770215392112732,-0.2230326533317566,1.5857677080524515
27,4,0.15103104710578918,0.05078831687569618,-0.035717811435461044,1.4112114441524215
24,5,0.11601129919290543,0.03965376317501068,0.13255859911441803,1.0839921738564393
27,12,0.11182601749897003,0.03808028995990753,0.19781048595905304,1.044885529648734
28,3,0.11002521961927414,0.03718819469213486,0.18772117793560028,1.028059144444292
28,12,0.10666525363922119,0.036312054842710495,0.06445969641208649,0.9966641264405284
29,3,0.10570982098579407,0.03602169081568718,0.013600406236946583,0.9877367070756288
27,7,0.10213350504636765,0.03470483049750328,0.014764797873795033,0.9543201475116329
28,2,0.09195578098297119,0.03145478665828705,0.26566457748413086,0.8592210208821915
28,9,0.08981018513441086,0.03070356696844101,0.061127495020627975,0.8391728951885824
24,7,0.08585408329963684,0.029258009046316147,0.19893980026245117,0.8022076731997885
26,10,0.08058114349842072,0.02760312147438526,0.09646841138601303,0.7529381148248749
27,5,0.07691521942615509,0.02630683407187462,0.07819036394357681,0.7186842703120219
28,6,0.06497732549905777,0.022375788539648056,0.14625492691993713,0.6071383805639552
26,11,0.05265584588050842,0.017805255949497223,0.3757891356945038,0.49200832366639463
29,8,0.051741208881139755,0.017715826630592346,0.012900225818157196,0.48346209277222496
26,5,0.04948626831173897,0.016738709062337875,0.015149712562561035,0.4623922664126619
28,5,0.047632284462451935,0.016215842217206955,0.1544203907251358,0.4450689194881385
27,9,0.04531918093562126,0.015377050265669823,0.060633134096860886,0.42345562718085333
25,8,0.040823597460985184,0.013903344050049782,0.09895949810743332,0.3814495696905338
26,0,0.03920658677816391,0.013272777199745178,-0.07302910089492798,0.36634046447910185
26,13,0.0369061641395092,0.012760861776769161,0.08187343925237656,0.34484566048835075
24,6,0.0347273051738739,0.011742962524294853,-0.06766784191131592,0.3244867292194383
29,4,0.03264820575714111,0.010738395154476166,-0.020936204120516777,0.30505993620800675
26,4,0.02972714975476265,0.010250536724925041,0.0656745508313179,0.27776602718359794
27,14,0.02686593309044838,0.009164474904537201,-0.01346482615917921,0.25103124795604176
28,13,0.025062546133995056,0.008506113663315773,0.09255238622426987,0.2341806708068313
29,7,0.02429787814617157,0.008037455379962921,0.11772022396326065,0.22703572785587864
26,12,0.024010829627513885,0.008308392949402332,0.05935182794928551,0.22435358956498153
24,4,0.022757800295948982,0.007754147984087467,0.05229540541768074,0.21264547148960025
27,11,0.021777689456939697,0.007450290024280548,0.12332338094711304,0.20348746286122257
24,0,0.02162940800189972,0.007220469415187836,-0.18446938693523407,0.20210194319279692
27,13,0.020790696144104004,0.007172040641307831,0.16605068743228912,0.19426514543002565
21,5,0.017300531268119812,0.005829226225614548,-0.06470920145511627,0.16165356847712434
28,0,0.015630975365638733,0.005296001210808754,-0.088807113468647,0.1460534886168344
21,11,0.01521085575222969,0.005127785727381706,-0.05526814982295036,0.14212795398195596
22,7,0.011947423219680786,0.004029359668493271,0.11132863909006119,0.11163493002823537
24,2,0.011874675750732422,0.003971848636865616,-0.13630305230617523,0.1109551885930777
23,8,0.0097342012450099,0.003321212949231267,0.011270232498645782,0.0909549159585623
29,9,0.009532563388347626,0.003258761717006564,-0.000677100382745266,0.08907084207872717
23,6,0.009440820664167404,0.003162570297718048,-0.05736685171723366,0.0882136118286438
23,2,0.009283304214477539,0.0031692450866103172,0.041907403618097305,0.08674180175578577
3,4,0.007592329755425453,0.00254129059612751,-0.026812070980668068,0.07094159011643812
28,1,0.007092478685081005,0.0024168279487639666,0.01780964434146881,0.06627105671049656
11,2,0.007052059751003981,0.00241405563428998,0.01126990094780922,0.06589338825475193
18,13,0.006885997951030731,0.0023843683302402496,0.08917665481567383,0.06434173171095102
16,3,0.006385672837495804,0.0021386072039604187,-0.048858076333999634,0.05966676891656088
8,0,0.00637165829539299,0.002169804647564888,-0.0549975223839283,0.05953581913782966
22,2,0.006284728646278381,0.0020642951130867004,-0.19516204297542572,0.058723561539027726
21,12,0.00624394416809082,0.0022628307342529297,0.25790825486183167,0.058342477493958794
22,8,0.005804163403809071,0.0019615618512034416,0.017837243154644966,0.054233232015194484
21,1,0.0055918097496032715,0.0017774105072021484,-0.20791184902191162,0.052249031330861666
20,8,0.005482420325279236,0.0018009580671787262,-0.04087955132126808,0.051226912962264275
26,1,0.005266663618385792,0.0018167535308748484,0.0016864081844687462,0.049210914664196484
8,14,0.005194689147174358,0.0017472857143729925,-0.009828813374042511,0.048538396003915664
20,9,0.004865730181336403,0.0016355706611648202,-0.003083079354837537,0.04546465278261694
16,5,0.004862725734710693,0.001652158796787262,0.14266973733901978,0.04543657968411967
25,10,0.004848778247833252,0.001589842140674591,-0.10560382157564163,0.045306256459353676
12,2,0.004843771457672119,0.001612205058336258,-0.12506060302257538,0.04525947376328383
22,1,0.004645928740501404,0.0015176646411418915,-0.053278014063835144,0.04341086109745254
15,3,0.004400802310556173,0.001491969684138894,0.004957190249115229,0.0411204365136871
22,0,0.004369974136352539,0.001555066555738449,0.17386238276958466,0.040832382679245896
4,8,0.004368586465716362,0.001466649118810892,-0.014113422483205795,0.040819416493021184
6,1,0.004346102476119995,0.0015365034341812134,0.1635194569826126,0.04060932946762718
6,4,0.004115790128707886,0.0013323184102773666,-0.08940797299146652,0.03845732544841437
18,2,0.004044383764266968,0.0013551432639360428,-0.07102222740650177,0.037790115092561125
21,10,0.003756597638130188,0.0013924799859523773,0.15073567628860474,0.03510108470804657
8,3,0.00369986891746521,0.0011638738214969635,-0.12502415478229523,0.0345710200534695
25,14,0.0036570243537425995,0.0013087964616715908,0.024176711216568947,0.03417068687824683
6,5,0.003639146452769637,0.0012301250826567411,0.000884651206433773,0.03400363845387355
22,12,0.0035955924540758133,0.0012273108586668968,0.030928954482078552,0.03359667642472022
20,11,0.0035712718963623047,0.001109294593334198,-0.1850338578224182,0.03336942878238989
23,11,0.003567565232515335,0.001230243593454361,0.051823630928993225,0.03333479427153461
12,10,0.003501221537590027,0.0010827481746673584,-0.17620664834976196,0.032714888740055556
8,5,0.003496399149298668,0.0011873627081513405,-0.02978857420384884,0.03266982906739007
23,7,0.0034515410661697388,0.0011102594435214996,-0.13764679431915283,0.032250681868933956
20,5,0.003422962501645088,0.0011426378041505814,0.00061824667500332,0.031983648049812075
12,6,0.003400251269340515,0.0011312924325466156,-0.04844854399561882,0.031771437702647044
23,12,0.003369241952896118,0.0011683814227581024,0.05529654398560524,0.031481691302285904
8,6,0.003367288038134575,0.0011239703744649887,-0.027054959908127785,0.03146343421591043
17,2,0.003332216292619705,0.0011263545602560043,-0.05025387927889824,0.031135729087822972
23,5,0.0033298898488283157,0.001115061342716217,-0.021438343450427055,0.031113991146085162
25,13,0.0033171549439430237,0.0011390945874154568,-0.0040756952948868275,0.030994998105523582
21,3,0.0032392521388828754,0.0010958241764456034,0.0032813616562634706,0.030267085983220338
15,12,0.003204755485057831,0.0010479278862476349,-0.07675418257713318,0.029944754425598494
21,8,0.0030681192874908447,0.0009579397737979889,-0.1365223079919815,0.028668046295799592
8,9,0.0030186884105205536,0.0009614378213882446,-0.024998093023896217,0.028206171597770755
7,0,0.0030015259981155396,0.0009478330612182617,-0.1831815242767334,0.028045808591227774
24,13,0.0029413215816020966,0.0009666727855801582,-0.036788832396268845,0.027483267556120076
24,11,0.002931833267211914,0.0009309686720371246,-0.12985825538635254,0.02739461017004129
23,9,0.0029276423156261444,0.0009361254051327705,-0.022356612607836723,0.027355450547214968
18,9,0.0029194876551628113,0.0009759869426488876,-0.023618360981345177,0.027279254623333356
24,14,0.0027894675731658936,0.00100688636302948,0.13996903598308563,0.026064366484769605
19,12,0.0027120187878608704,0.0009644031524658203,0.0745721161365509,0.02534069665493921
20,12,0.002692878246307373,0.0007725134491920471,-0.28836145997047424,0.025161850306422203
11,10,0.0026840567588806152,0.0009842216968536377,0.19233845174312592,0.025079423651442005
15,10,0.002647900953888893,0.0008989567868411541,-0.018674422055482864,0.024741589234250138
12,15,0.0025889668613672256,0.0008627083152532578,-0.026167012751102448,0.02419091791592802
16,14,0.002530425786972046,0.0007764510810375214,-0.14774054288864136,0.02364391890001317
23,1,0.0025183558464050293,0.0008269846439361572,-0.10586590319871902,0.023531139186273368
22,4,0.0024694539606571198,0.0007981080561876297,-0.02873513288795948,0.023074207302859057
12,0,0.002418302930891514,0.0007979242946021259,0.003908398095518351,0.022596259755194616
11,8,0.0024125901982188225,0.000837547704577446,-0.00789070688188076,0.02254288083821314
15,2,0.0023834072053432465,0.0008076559752225876,-0.0007534486358053982,0.022270199331265866
7,14,0.0023631425574421883,0.0007994482293725014,-0.007976284250617027,0.022080849501693
22,9,0.0023264549672603607,0.0007785512134432793,-0.034434039145708084,0.021738046163471393
8,2,0.0023201219737529755,0.0007994789630174637,0.03527887165546417,0.02167887162231162
7,15,0.0022271499037742615,0.0007937662303447723,0.06559840589761734,0.02081015454953254
4,10,0.0021951086819171906,0.0007301149889826775,-0.03579277917742729,0.020510766179817713
14,3,0.0021881163120269775,0.0006483718752861023,-0.148844376206398,0.0204454305246666
15,15,0.0021545961499214172,0.000687597319483757,-0.0674358680844307,0.020132223159163288
11,1,0.0021293535828590393,0.0007194839417934418,0.05443646386265755,0.019896360399811158
14,9,0.00204545259475708,0.0006287954747676849,-0.11638760566711426,0.019112402155105044
20,10,0.0020149946212768555,0.000845104455947876,0.2709819972515106,0.018827807420680163
13,12,0.0019860565662384033,0.0006223469972610474,-0.07850322127342224,0.018557414576133625
22,10,0.0019254311919212341,0.0006717629730701447,0.038975078612565994,0.017990940174466487
2,8,0.0018896646797657013,0.000626605935394764,-0.03480735793709755,0.017656743251128267
11,14,0.001839449629187584,0.0006116768345236778,-0.027780547738075256,0.017187541352561706
29,12,0.0017984758596867323,0.0006148632382974029,-0.001046905294060707,0.016804688597861783
24,10,0.0017195940017700195,0.0006180871278047562,0.05875880643725395,0.01606762835255939
10,5,0.001717928797006607,0.000593231525272131,0.02152605913579464,0.01605206892908973
7,12,0.0017074793577194214,0.0005502887070178986,-0.03268083557486534,0.015954430936176104
2,1,0.0016793962568044662,0.0005644876509904861,-0.021138334646821022,0.015692026654686136
19,1,0.001674481201916933,0.0005755089223384857,-0.006988464388996363,0.01564610111924927
14,2,0.0016661807894706726,0.0005491827614605427,-0.018199944868683815,0.015568543310707143
24,8,0.0016096457839012146,0.0005840044468641281,0.07993470877408981,0.01504028870091849
20,6,0.0015642046928405762,0.0005633747205138206,0.03862011805176735,0.014615693963820313
8,12,0.0015478506684303284,0.0005977004766464233,0.11805945634841919,0.014462884413413606
7,13,0.0014953184872865677,0.0004691134672611952,-0.011053902097046375,0.013972031594493294
12,3,0.0014482289552688599,0.000445045530796051,-0.21013689041137695,0.013532034072416762
26,2,0.0014403164386749268,0.0004588812589645386,-0.06559552997350693,0.01345810070452067
7,1,0.0014208480715751648,0.0004390925168991089,-0.06293509900569916,0.013276191203284805
16,13,0.0014191437512636185,0.0004591178148984909,-0.03049645759165287,0.013260266290002102
13,1,0.001417163759469986,0.0005020499229431152,0.044238198548555374,0.013241765543751267
16,4,0.001416534185409546,0.0002152472734451294,-0.36275413632392883,0.013235882898188913
7,9,0.0013972073793411255,0.0004994263872504234,0.04718597233295441,0.013055296121990736
10,0,0.001390230841934681,0.0004716259427368641,0.012167704291641712,0.012990108403192523
8,15,0.0013864599168300629,0.00045246444642543793,-0.038703300058841705,0.01295487344478724
10,11,0.0013850107789039612,0.0004409775137901306,-0.055795859545469284,0.01294133291742774
18,12,0.001381903886795044,0.0005200952291488647,0.04888534173369408,0.012912302583705827
3,11,0.0013674598885700107,0.00045658208546228707,0.001505090738646686,0.012777340031402216
29,13,0.0012741796672344208,0.0004989374428987503,0.049359407275915146,0.011905743638578098
19,4,0.0012372061610221863,0.000409688800573349,-0.047468263655900955,0.011560268743865898
17,3,0.0012018410488963127,0.00040284544229507446,-0.01043566782027483,0.011229822442180598
17,10,0.0011994391679763794,0.0005202591419219971,0.19949503242969513,0.011207379627231914
17,11,0.0011507868766784668,0.00038689724169671535,-0.010355441831052303,0.010752779916910368
3,10,0.0010823830962181091,0.00034918077290058136,-0.05172284319996834,0.010113625255277578
1,4,0.001071099191904068,0.0003701860550791025,0.012342131696641445,0.010008190146352312
19,2,0.0010682791471481323,0.000332588329911232,-0.08924650400876999,0.009981840071259403
9,14,0.001052694395184517,0.00032469816505908966,-0.018529193475842476,0.009836218487175927
12,8,0.0010494142770767212,0.0004225485026836395,0.13006830215454102,0.009805569555710528
6,0,0.001042477786540985,0.0003822352737188339,0.08160378783941269,0.009740756028863765
27,15,0.0010219225659966469,0.0003561291377991438,0.010376707650721073,0.009548691132108274
4,2,0.0010054009035229683,0.00033703562803566456,-0.008019017986953259,0.009394315196788515
0,13,0.0009816065430641174,0.0003511914983391762,0.02189570665359497,0.009171984262657482
14,15,0.000949252163991332,0.0003320222022011876,0.004239604342728853,0.00886966979890369
7,2,0.000943407416343689,0.000315248966217041,-0.04529906436800957,0.008815057353803184
6,10,0.0009384599979966879,0.0003132956917397678,0.002936668461188674,0.008768829419056713
19,10,0.000935826450586319,0.0003096798900514841,-0.01034157071262598,0.008744221947179574
23,13,0.0009147562086582184,0.0003212690644431859,0.0020668033976107836,0.00854734476788565
4,4,0.0009045824408531189,0.00024008005857467651,-0.12381086498498917,0.008452282607940155
1,7,0.000830652192234993,0.000299232080578804,0.031325485557317734,0.007761489457007059
5,7,0.0007992214523255825,0.00026643869932740927,-0.004982661455869675,0.0074678053390172675
3,15,0.0007696874672546983,0.0002657497825566679,6.776341706427047e-06,0.007191844213658288
13,14,0.0007648952305316925,0.000234115868806839,-0.05101531371474266,0.007147066272723692
21,15,0.0007518399506807327,0.00022823619656264782,-0.005701456218957901,0.007025079696550502
9,4,0.0007514432072639465,0.000312216579914093,0.09333407878875732,0.007021372585589611
22,3,0.0007445290684700012,0.00016613304615020752,-0.122317373752594,0.006956767910064589
5,4,0.0007383543998003006,0.000234309583902359,-0.029375730082392693,0.006899072732433811
9,10,0.0007285273168236017,0.0002319604391232133,-0.0032509074080735445,0.006807249943509895
12,7,0.0007157025975175202,0.0002488199679646641,0.0016294881934300065,0.006687417690475803
26,15,0.0007132813334465027,0.00024712778395041823,0.001365498173981905,0.006664793762271547
19,11,0.0007095932960510254,0.00018023326992988586,-0.09669121354818344,0.006630333294184385
3,1,0.0007078051567077637,0.00020477548241615295,-0.06492636352777481,0.006613625188445155
1,13,0.0006870254874229431,0.00022336794063448906,-0.01676906831562519,0.006419463076333855
25,11,0.0006771720945835114,0.0002509830519556999,0.036681100726127625,0.006327394451999974
18,7,0.0006714686751365662,0.0002337377518415451,0.026650628075003624,0.006274102556402555
1,2,0.0006661489605903625,0.00023940904065966606,0.02353711985051632,0.006224395941828346
0,14,0.0006587505340576172,0.00023900717496871948,0.03201993554830551,0.006155266154332283
7,7,0.0006548389792442322,0.00020677410066127777,-0.012643206864595413,0.006118717173027717
8,1,0.0006517264991998672,0.00023038173094391823,0.016130534932017326,0.00608963462647537
8,7,0.0006477385759353638,0.00020333938300609589,-0.01624714396893978,0.006052372069821526
13,11,0.0006471462547779083,0.00021556299179792404,-0.018196748569607735,0.006046837509795406
17,8,0.0006446242332458496,0.0002627260982990265,0.09315705299377441,0.006023272118992367
20,15,0.0006413385272026062,0.00022947043180465698,0.0399387888610363,0.005992570974696532
9,3,0.0005610194057226181,0.00020436826162040234,-0.008903317153453827,0.005242081154299312
16,11,0.0005513280630111694,0.00020438944920897484,0.012399591505527496,0.005151526702048048
18,11,0.0005265139043331146,0.0001422809436917305,-0.031838130205869675,0.00491966692636261
11,9,0.0005249530076980591,0.00013999268412590027,-0.06596244126558304,0.004905082142394408
19,9,0.0005004005506634712,0.00015452690422534943,-0.010287261568009853,0.004675667667601014
5,9,0.0004711331566795707,0.0001610739855095744,-0.0018272107699885964,0.004402197529360709
19,0,0.00043644756078720093,0.00010792911052703857,-0.08915400505065918,0.004078100525409777
17,6,0.00043524056673049927,9.127333760261536e-05,-0.10065975040197372,0.004066822554035796
4,15,0.00041762692853808403,0.00014776038005948067,0.007320247124880552,0.003902243361435179
3,6,0.00041582807898521423,0.00017521530389785767,0.040096379816532135,0.0038854351811042818
21,7,0.0003887792117893696,0.00012505141785368323,-0.0018609780818223953,0.00363269462431401
4,5,0.0003760313265956938,0.00013003955245949328,-0.0005168229108676314,0.0035135802976984003
1,12,0.00037489086389541626,0.0001405305229127407,0.014900111593306065,0.003502923985336788
4,9,0.0003659147769212723,0.00013432372361421585,0.01709774136543274,0.0034190527753812164
9,11,0.0003593798028305173,0.00011868761794175953,-0.0006423625163733959,0.0033579909579546756
6,11,0.00035766512155532837,0.0001566549763083458,0.04188021644949913,0.003341969233382207
5,3,0.00035741738975048065,0.00013441406190395355,0.01753820851445198,0.0033396544645662514
0,8,0.00035387277603149414,0.0001254943199455738,0.011216633953154087,0.0033065341257935907
13,8,0.0003486126661300659,5.1390379667282104e-05,-0.11156447976827621,0.003257384448077356
8,13,0.00033845799043774605,0.00012439140118658543,0.007367508951574564,0.0031625006819691825
25,6,0.0003249906003475189,0.00013998616486787796,0.03941360116004944,0.0030366634095514047
4,12,0.00031978171318769455,0.00010725343599915504,-0.010204826481640339,0.002987992349447492
0,15,0.000316547229886055,0.0001230626367032528,0.01901314966380596,0.0029577698227639788
15,4,0.000309772789478302,0.00014453008770942688,0.05344768241047859,0.002894470467999834
0,5,0.0003013503737747669,0.0001005405792966485,-0.0021526680793613195,0.0028157726793265393
18,15,0.0002949237823486328,-4.176050424575806e-05,-0.2578362226486206,0.002755723573256979
20,1,0.00029321108013391495,0.000110577791929245,0.015546550042927265,0.002739720340728623
2,5,0.0002878177911043167,8.611055091023445e-05,-0.018867112696170807,0.0026893262572203524
19,13,0.0002831704914569855,8.637178689241409e-05,-0.03714447468519211,0.0026459025865751664
15,5,0.0002786219120025635,-7.120519876480103e-05,-0.3312399983406067,0.002603401342601
10,13,0.0002639405429363251,0.00013335561379790306,0.014757453463971615,0.0024662208327711982
6,13,0.00026328954845666885,8.511706255376339e-05,-0.009793849661946297,0.00246013803802551
0,2,0.0002534845843911171,8.251285180449486e-05,-0.007407710421830416,0.002368521924888733
3,7,0.00023788725957274437,7.9517369158566e-05,0.004221686627715826,0.002222782861936779
3,12,0.00023778900504112244,6.919866427779198e-05,-0.018715767189860344,0.0022218647863349616
13,6,0.000235407380387187,8.207984501495957e-05,0.0030893059447407722,0.0021996112428966045
12,9,0.00022248271852731705,6.199302151799202e-05,-0.012224174104630947,0.002078845141634835
5,15,0.00022136885672807693,7.088365964591503e-05,-0.009379652328789234,0.0020684373841014397
16,9,0.00021064281463623047,0.00013092532753944397,0.08465948700904846,0.001968214856081278
5,12,0.00020859698997810483,7.12262699380517e-05,0.0006604244117625058,0.00194909897742188
1,11,0.0002046581357717514,7.838476449251175e-05,0.018030529841780663,0.0019122949146852931
0,9,0.00019447226077318192,7.509510032832623e-05,0.009961278177797794,0.0018171196269405239
5,13,0.00019438844174146652,7.319566793739796e-05,0.0115409716963768,0.0018163364344839976
19,6,0.00017377734184265137,0.00014079734683036804,0.15185801684856415,0.0016237494094241559
7,3,0.00016450649127364159,5.3532421588897705e-05,-0.0036715606693178415,0.001537123972663133
15,11,0.00015050917863845825,3.0454248189926147e-05,-0.04454213008284569,0.001406335183492427
9,13,0.0001386590301990509,6.486102938652039e-05,0.03557398170232773,0.0012956091744164059
4,6,0.00013354048132896423,7.428228855133057e-05,0.04420919343829155,0.0012477822217378605
5,8,0.00012702029198408127,3.5814475268125534e-05,-0.011602725833654404,0.0011868585507585124
12,12,0.00011976948007941246,3.7273275665938854e-05,-0.0014996221289038658,0.001119108052199776
5,5,0.00011560600250959396,3.1720963306725025e-05,-0.004586057271808386,0.0010802051424564285
0,4,0.00010904856026172638,3.958214074373245e-05,0.008902416564524174,0.0010189333859408464
1,1,0.00010603666305541992,6.621330976486206e-05,0.05820062384009361,0.000990790670336331
11,4,0.0001009572297334671,1.8573366105556488e-05,-0.02391842007637024,0.0009433292074708312
3,0,9.895116090774536e-05,4.081497900187969e-05,0.00851481780409813,0.0009245848013446327
1,9,9.062886238098145e-05,4.561804234981537e-05,0.02878822572529316,0.0008468224925499671
17,5,6.79120421409607e-05,8.356571197509766e-05,0.12109121680259705,0.000634559932554501
14,14,6.495416164398193e-05,-2.968357875943184e-06,-0.006234397646039724,0.0006069219409775249
2,2,6.190221756696701e-05,2.4416018277406693e-05,0.009841588325798512,0.0005784050334215581
19,7,5.261227488517761e-05,4.305317997932434e-05,0.04614461585879326,0.0004916012028232154
24,12,5.130469799041748e-05,5.224160850048065e-05,0.06444347649812698,0.0004793834005014036
0,6,2.9925256967544556e-05,1.6633886843919754e-05,0.009972975589334965,0.0002796171112567365
4,1,1.3148412108421326e-05,-9.817071259021759e-06,-0.02784004807472229,0.0001228567900137746
19,14,1.1973083019256592e-05,3.5803765058517456e-05,0.0519077442586422,0.00011187469134559332
17,14,1.1027790606021881e-05,-6.137415766716003e-07,-0.008337861858308315,0.00010304202086365669
13,3,9.378418326377869e-06,1.2715812772512436e-05,0.01707305572926998,8.763053374689831e-05
0,11,1.3969838619232178e-07,1.6938894987106323e-05,0.030377311632037163,1.3053207608773334e-06
5,10,6.51925802230835e-08,-1.229066401720047e-05,-0.022141071036458015,6.091496884094222e-07
0,12,5.21540641784668e-08,4.989653825759888e-05,0.08971104025840759,4.873197507275377e-07
19,8,-1.7276033759117126e-07,6.340560503304005e-07,0.0020824449602514505,-1.6142466742849688e-06
20,7,-9.760260581970215e-07,-1.5125609934329987e-05,-0.02664005197584629,-9.119841049329634e-06
15,13,-1.3325363397598267e-05,-3.368780016899109e-05,-0.05236329510807991,-0.0001245101963108859
4,13,-1.558847725391388e-05,6.163492798805237e-06,0.027640588581562042,-0.0001456563926370987
25,1,-1.724250614643097e-05,-1.581665128469467e-05,-0.01943465694785118,-0.0001611113904458863
2,4,-2.0837411284446716e-05,-2.935878001153469e-06,0.0023907620925456285,-0.00019470164469246302
2,13,-2.1787360310554504e-05,-2.0621344447135925e-05,-0.01312855165451765,-0.0002035778258664289
2,3,-2.987310290336609e-05,-2.1543586626648903e-05,-0.01122902799397707,-0.00027912979150600893
5,11,-3.040209412574768e-05,-2.540089190006256e-05,-0.027418414130806923,-0.0002840726061205311
5,0,-3.37846577167511e-05,-2.929847687482834e-05,-0.02416750229895115,-0.0003156787728105743
10,6,-3.937073051929474e-05,-2.3558735847473145e-05,-0.027679653838276863,-0.0003678741989688559
1,15,-4.5942142605781555e-05,-2.9872171580791473e-06,0.021359004080295563,-0.00042927648756052567
0,1,-5.917064845561981e-05,-2.8322450816631317e-05,-0.015081179328262806,-0.0005528816614772033
2,7,-6.24191015958786e-05,-9.904149919748306e-06,0.014106945134699345,-0.0005832347202368042
25,7,-6.592832505702972e-05,-2.1397601813077927e-05,0.013975105248391628,-0.0006160243777500428
13,13,-6.882287561893463e-05,-3.2763928174972534e-05,-0.018237479031085968,-0.0006430706239154212
4,7,-7.19856470823288e-05,-1.5061814337968826e-05,0.018210899084806442,-0.000672623085941684
6,7,-7.213559001684189e-05,-2.763979136943817e-05,-0.01453110110014677,-0.0006740241302250257
10,9,-8.153170347213745e-05,-7.692724466323853e-07,0.06059745326638222,-0.0007618200046016351
1,5,-8.804723620414734e-05,-1.937849447131157e-05,0.019415317103266716,-0.0008227001648889539
17,4,-8.973479270935059e-05,-0.0001747235655784607,-0.30922141671180725,-0.0008384684396803521
4,11,-9.318627417087555e-05,-4.1690655052661896e-05,-0.01770002394914627,-0.0008707185646124281
1,0,-9.413063526153564e-05,-1.3372860848903656e-05,0.04180249199271202,-0.0008795425329559589
15,0,-9.695068001747131e-05,-7.663853466510773e-06,-0.017760762944817543,-0.0009058926080488693
6,14,-9.942939504981041e-05,-2.9568560421466827e-05,0.006785151083022356,-0.0009290533494160361
6,15,-0.00010379520244896412,-2.9746966902166605e-05,-0.00256295851431787,-0.0009698467987280542
12,1,-0.00010538473725318909,-5.959160625934601e-05,-0.04640713334083557,-0.0009846991734522369
1,8,-0.00011477060616016388,-3.051944077014923e-05,0.014791811816394329,-0.001072399324306382
13,0,-0.00016085058450698853,-2.1265819668769836e-05,0.06433525681495667,-0.0015029637283509732
10,8,-0.000161781907081604,-5.764653906226158e-05,0.015849174931645393,-0.001511665866756822
2,6,-0.00016926031094044447,-5.557033000513911e-05,-0.002045803237706423,-0.001581542950388488
9,2,-0.00017363578081130981,-7.385667413473129e-05,-0.045905474573373795,-0.0016224266843864667
29,15,-0.0001778043806552887,-6.377045065164566e-05,-0.03185001388192177,-0.0016613774558910464
14,1,-0.00018447637557983398,-0.00010072439908981323,-0.07136999815702438,-0.001723719575430548
6,12,-0.00018615089356899261,-4.908256232738495e-05,0.016096942126750946,-0.001739366020284264
1,14,-0.0001924382522702217,-6.0389633290469646e-05,0.005596436094492674,-0.00179811415666215
25,4,-0.00019656307995319366,-0.00010240636765956879,-0.028315039351582527,-0.0018366559276616547
6,2,-0.00019937008619308472,-8.310377597808838e-05,-0.05786618962883949,-0.0018628841728168832
22,15,-0.0002088397741317749,-5.137920379638672e-05,0.05518772080540657,-0.0019513675161275548
21,2,-0.00021164864301681519,-5.097314715385437e-05,0.0222688689827919,-0.001977613165559595
8,10,-0.00021550431847572327,-5.419738590717316e-05,0.01289681252092123,-0.002013640018559809
15,14,-0.00023990124464035034,-6.625615060329437e-05,0.02686278708279133,-0.002241601236239427
13,2,-0.00024275481700897217,-0.00011281296610832214,-0.05133052170276642,-0.002268264588314948
2,11,-0.0002557875122874975,-8.851324673742056e-05,0.0037401372101157904,-0.0023900401376317957
18,14,-0.00025794655084609985,-0.0001043323427438736,-0.03093133680522442,-0.002410213869991155
5,14,-0.00025950372219085693,-7.605040445923805e-05,0.022794680669903755,-0.0024247638454057345
20,4,-0.0002736654132604599,-9.368103928864002e-05,-0.0036763520911335945,-0.0025570885620050726
3,13,-0.00028365664184093475,-0.00010180287063121796,-0.017537526786327362,-0.002650445102823019
0,0,-0.0002928785979747772,-0.00010703643783926964,-0.013505117036402225,-0.002736613677317735
6,9,-0.00029733777046203613,-9.124446660280228e-05,0.017914345487952232,-0.0027782795160049395
4,14,-0.000299566425383091,-0.00010760780423879623,-0.010933478362858295,-0.002799103733210136
12,13,-0.0003043711185455322,-0.00022808462381362915,-0.21547816693782806,-0.00284399806524591
18,6,-0.00031162798404693604,-5.169212818145752e-05,0.0950205996632576,-0.002911805127704285
7,10,-0.00033064931631088257,-0.00010540243238210678,-0.01509097870439291,-0.0030895376025053428
15,9,-0.000335104763507843,-4.782155156135559e-05,0.11190447211265564,-0.0031311686326389236
7,4,-0.00034038349986076355,-0.00010445155203342438,0.025148266926407814,-0.003180492353123275
8,8,-0.0003494527190923691,-0.00010119937360286713,0.027405589818954468,-0.0032652337769194318
13,10,-0.0003682449460029602,-0.00018703192472457886,-0.10906205326318741,-0.0034408255256726506
0,3,-0.00037677399814128876,-0.0001379847526550293,-0.02585926651954651,-0.0035205197091934147
2,9,-0.00038304366171360016,-0.0001428290270268917,-0.020672470331192017,-0.003579102504941589
19,15,-0.0003837666008621454,-0.00012862682342529297,-0.00236106151714921,-0.0035858575398791297
15,8,-0.0003930330276489258,-9.629502892494202e-05,0.05427124723792076,-0.0036724416414827244
17,0,-0.00039304792881011963,-0.00019691698253154755,-0.0647430345416069,-0.0036725808756972182
9,0,-0.00039849430322647095,-0.00017180852591991425,-0.03867350146174431,-0.003723470981094622
10,4,-0.0004004240036010742,-0.0001574269263073802,-0.0060670338571071625,-0.0037415018118715413
17,9,-0.0004238877445459366,-0.0001362096518278122,0.025328785181045532,-0.003960743486868498
19,5,-0.0004275646060705185,-0.0001367582008242607,0.026661956682801247,-0.00399509952929479
11,5,-0.00046502240002155304,-0.00017613032832741737,-0.020583409816026688,-0.004345099535978032
0,10,-0.0004683118313550949,-0.00014348048716783524,0.031232735142111778,-0.00437583548882749
10,10,-0.000493958592414856,-0.0001875162124633789,-0.03513476625084877,-0.004615474976247757
18,8,-0.0005024895071983337,-0.00014918949455022812,0.03832674399018288,-0.004695186564045333
25,2,-0.0005228891968727112,-0.00019376259297132492,-0.03532383218407631,-0.004885798203687047
14,11,-0.0005708234384655952,-0.0001804996281862259,0.01501088123768568,-0.005333688565297683
14,4,-0.0006081908941268921,-0.00022910535335540771,-0.025246286764740944,-0.005682844464555558
1,6,-0.0006131790578365326,-0.0001936107873916626,0.0375945121049881,-0.0057294531178572845
6,8,-0.0006426125764846802,-0.00023611122742295265,-0.019528048112988472,-0.006004475500035733
16,8,-0.0006614327430725098,-0.0003364458680152893,-0.19214250147342682,-0.0061803283129411276
7,11,-0.0006644129753112793,-0.0002008005976676941,0.04972554370760918,-0.0062081751558398434
7,8,-0.0006846506148576736,-0.00025327433831989765,-0.006457976531237364,-0.00639727262339894
17,15,-0.0007018335163593292,-0.00023438967764377594,0.011990919709205627,-0.006557827076986852
10,1,-0.000715300440788269,-0.00030939653515815735,-0.1396011859178543,-0.006683659998335427
15,1,-0.0007164357230067253,-0.00024367030709981918,0.006265238393098116,-0.006694267905052157
9,6,-0.0007301364094018936,-0.00024332827888429165,0.009260720573365688,-0.0068222850631405995
13,15,-0.0007563189137727022,-0.00025372428353875875,-0.0037382098380476236,-0.007066930455678831
9,15,-0.0007664971053600311,-0.00026357918977737427,-0.02219877578318119,-0.007162033950781752
9,5,-0.0007738126441836357,-0.0002965370658785105,-0.00581703195348382,-0.007230389247959696
19,3,-0.0008158385753631592,-0.00024779699742794037,0.08592680096626282,-0.007623073243523626
5,2,-0.0008423477411270142,-0.0002192668616771698,0.16959768533706665,-0.00787077091110771
7,6,-0.0008441582322120667,-0.00028830626979470253,-0.0179926585406065,-0.00788768786816868
21,4,-0.0008663535118103027,-0.0003602653741836548,-0.0982600748538971,-0.00809507723065687
14,0,-0.0008760988712310791,-0.0002918615937232971,0.03346102312207222,-0.008186136406935673
18,1,-0.0009173844009637833,-0.0003147735260426998,0.015191424638032913,-0.008571902202466954
12,4,-0.0009192172437906265,-0.00032967887818813324,-0.024543024599552155,-0.008589028010849665
18,5,-0.0009194808080792427,-0.0003780834376811981,0.01258475985378027,-0.00859149071601852
6,6,-0.0009334906935691833,-0.00028432346880435944,0.0654023289680481,-0.008722396984057705
9,7,-0.0009379012044519186,-0.0003267690190114081,0.0003930476668756455,-0.008763608136013203
6,3,-0.0009417608380317688,-0.00035040266811847687,-0.05639057233929634,-0.008799671973101643
22,13,-0.0009449906647205353,-0.0002938695251941681,0.04384751245379448,-0.008829850989093127
13,5,-0.0009516328573226929,-0.0003167283721268177,0.01898912526667118,-0.00889191464020364
13,7,-0.0009935200214385986,-0.0003271135501563549,0.02277086116373539,-0.009283302017145102
16,7,-0.0010026097297668457,-0.000368364155292511,-0.11107900738716125,-0.009368234887986186
17,12,-0.0010200627148151398,-0.00032206811010837555,0.05285368859767914,-0.009531312961711794
25,5,-0.0010289154015481472,-0.0003506146604195237,-0.005992082413285971,-0.00961403113832859
25,3,-0.001029925886541605,-0.0003398079425096512,0.006091862916946411,-0.009623472958498937
9,12,-0.0010367166250944138,-0.00036644586361944675,-0.011141158640384674,-0.009686924600685183
3,2,-0.0010741129517555237,-0.0003456566482782364,0.03569882735610008,-0.01003635026623364
18,10,-0.0010832366533577442,-0.0003820388810709119,0.0041327644139528275,-0.010121600765126538
9,8,-0.0010834581917151809,-0.00036641082260757685,-0.0030104315374046564,-0.01012367078629983
2,15,-0.0011423907708376646,-0.00038772093830630183,-0.003300873562693596,-0.010674327963647038
0,7,-0.0011465391144156456,-0.0003853612579405308,0.008848455734550953,-0.01071308946364129
20,14,-0.001146554946899414,-0.000526919960975647,-0.21925276517868042,-0.01071323739999419
3,14,-0.0011503174901008606,-0.00041388534009456635,-0.03526641055941582,-0.010748394039153819
20,13,-0.0011659534648060799,-0.0004049399867653847,0.007967261597514153,-0.010894494240849617
15,7,-0.0011921636760234833,-0.0004310067743062973,-0.05227881297469139,-0.011139398522005422
16,12,-0.0011976361274719238,-0.0004300381988286972,-0.05567790940403938,-0.01119053228727819
1,10,-0.0012495405972003937,-0.00044930167496204376,-0.048779815435409546,-0.01167551986491296
11,7,-0.0012897439301013947,-0.00046681612730026245,-0.0481414794921875,-0.012051173775616646
3,9,-0.001290973275899887,-0.00042040087282657623,0.025079743936657906,-0.012062660598312366
22,11,-0.0012936703860759735,-0.00041953660547733307,0.050947174429893494,-0.012087861991135703
3,3,-0.0013213194906711578,-0.0004635327495634556,-0.018440043553709984,-0.012346211076128545
8,11,-0.0013637412339448929,-0.0004683360457420349,-0.017603149637579918,-0.012742593480514963
20,0,-0.0013855565339326859,-0.00048105022870004177,-0.011726253665983677,-0.012946432370533566
1,3,-0.0014346316456794739,-0.00047085434198379517,0.0319938026368618,-0.013404982851691368
5,1,-0.0014417916536331177,-0.0005088690668344498,-0.0527566559612751,-0.013471884891755534
2,0,-0.001509193331003189,-0.0005245194770395756,-0.021807963028550148,-0.01410167605246363
18,0,-0.0015334896743297577,-0.0004971101880073547,0.04660513997077942,-0.014328697439195416
14,7,-0.0015625730156898499,-0.0005361586809158325,-0.04531009867787361,-0.014600447817333264
23,15,-0.0016341377049684525,-0.0005733557045459747,-0.03132070228457451,-0.015269137536715506
3,5,-0.0016857758164405823,-0.0006295591592788696,-0.09854826331138611,-0.015751636302766204
7,5,-0.0016968101263046265,-0.0005242973566055298,0.2302003651857376,-0.0158547392385987
24,15,-0.0017468035221099854,-0.0006013368256390095,-0.02288794331252575,-0.016321870028224668
21,0,-0.001809523906558752,-0.0006012368248775601,-0.0017870422452688217,-0.016907919890235764
25,0,-0.0018096566200256348,-0.0004834383726119995,0.13253647089004517,-0.016909159944958597
23,14,-0.001815290655940771,-0.0006130316760390997,0.007118047680705786,-0.016961803531244782
2,12,-0.001867806538939476,-0.0006507085636258125,-0.032724976539611816,-0.017452504062742992
20,3,-0.001911194995045662,-0.0006522843614220619,-0.03222694993019104,-0.017857919286794678
2,10,-0.001921218354254961,-0.0006523443153128028,0.002206319011747837,-0.017951576051387627
13,4,-0.0019360780715942383,-0.0007278472185134888,-0.13262180984020233,-0.01809042302072215
18,4,-0.002048686146736145,-0.0008015036582946777,-0.16823361814022064,-0.01914261597965015
10,12,-0.0020962469279766083,-0.0007373401895165443,-0.02754606492817402,-0.019587016783760042
8,4,-0.002140012104064226,-0.0007404934149235487,-0.007837588898837566,-0.019995952022796897
15,6,-0.002143546938896179,-0.0006975438445806503,0.06430011242628098,-0.020028980989116294
13,9,-0.0021575987339019775,-0.0007080517243593931,0.004589230287820101,-0.020160278853383742
10,14,-0.0021646739915013313,-0.0007606791332364082,-0.010408571921288967,-0.020226388998852977
14,10,-0.002228993922472,-0.0007780715823173523,-0.04377123340964317,-0.020827384783576118
9,1,-0.002273526042699814,-0.0007551498711109161,0.04205101728439331,-0.02124348623359019
5,6,-0.0022744685411453247,-0.0007532583549618721,0.04131456837058067,-0.02125229279765691
22,14,-0.002323184162378311,-0.000789738493040204,-0.012395254336297512,-0.02170748425339005
16,2,-0.002380385994911194,-0.0007235109806060791,0.17809812724590302,-0.02224196959427729
14,12,-0.002390265464782715,-0.0007631070911884308,0.06705016642808914,-0.022334281878486534
14,13,-0.0024075545370578766,-0.0008480576798319817,-0.03694906830787659,-0.022495828375852716
12,14,-0.0024586468935012817,-0.0009227916598320007,-0.14892525970935822,-0.022973227688797584
11,0,-0.0024946480989456177,-0.0009146220982074738,-0.17941361665725708,-0.02330961755101408
3,8,-0.0025171046145260334,-0.000859241234138608,0.006806815508753061,-0.02351944786332511
2,14,-0.0025231540203094482,-0.0008503040298819542,-0.027939217165112495,-0.023575972603340302
22,6,-0.002526313066482544,-0.0008754618465900421,-0.021515080705285072,-0.023605490256812942
22,5,-0.0025489628314971924,-0.0009176656603813171,-0.11008981615304947,-0.023817126262843186
11,15,-0.0025595128536224365,-0.0009139329195022583,-0.1175265982747078,-0.023915704086704643
21,6,-0.0025596842169761658,-0.0008653700351715088,0.06794662773609161,-0.02391730528017132
18,3,-0.0026171207427978516,-0.0009496547281742096,-0.09597236663103104,-0.02445398355993683
17,13,-0.0026283562183380127,-0.0008957469835877419,0.02613929472863674,-0.024558966157664994
9,9,-0.0026783347129821777,-0.0008851233869791031,0.0721793994307518,-0.025025957713076467
20,2,-0.0027207788079977036,-0.000907000619918108,0.021506212651729584,-0.025422548968784625
14,6,-0.0027415305376052856,-0.0008036494255065918,0.19112920761108398,-0.02561645001674375
16,1,-0.0027624890208244324,-0.0009830817580223083,-0.11088024824857712,-0.025812282939428974
21,14,-0.002928324043750763,-0.0009579937905073166,0.07379143685102463,-0.02736182051252805
10,3,-0.002963937819004059,-0.0009381808340549469,0.1212964877486229,-0.02769459028516771
11,6,-0.0029872506856918335,-0.001145288348197937,-0.22056256234645844,-0.027912422213742922
17,1,-0.0030352026224136353,-0.0011113248765468597,-0.16472023725509644,-0.028360477915983267
4,0,-0.003037458285689354,-0.0010481742210686207,-0.02354493737220764,-0.028381554495202233
10,2,-0.0031911134719848633,-0.0011389032006263733,-0.06793587654829025,-0.029817285502229618
28,7,-0.003204774111509323,-0.0010735346004366875,0.04125456511974335,-0.02994492846836661
4,3,-0.0032194312661886215,-0.001070997677743435,0.02377168834209442,-0.03008188272259786
11,12,-0.0032528117299079895,-0.0011430531740188599,-0.044328395277261734,-0.030393784767340296
21,13,-0.0033226795494556427,-0.0011560050770640373,-0.0364471860229969,-0.03104661919054708
16,15,-0.003523346036672592,-0.0012925732880830765,-0.056230947375297546,-0.0329216167400249
21,9,-0.0035451464354991913,-0.0012564770877361298,-0.03840702772140503,-0.03312531639582902
25,12,-0.0036717168986797333,-0.0012340191751718521,0.05296504497528076,-0.0343079718137375
14,5,-0.0037327706813812256,-0.0014480575919151306,-0.2499402016401291,-0.034878449199071335
14,8,-0.00401957705616951,-0.001348491758108139,0.03571458160877228,-0.03755832493398293
12,5,-0.004077160730957985,-0.001395456027239561,-2.6786952730617486e-05,-0.03809637815161657
12,11,-0.0044867247343063354,-0.0014656409621238708,0.1372700333595276,-0.041923282749803115
11,11,-0.004497841000556946,-0.0014187060296535492,0.13724613189697266,-0.042027151473815326
10,15,-0.004784107208251953,-0.0017079561948776245,-0.16575147211551666,-0.04470197996845153
10,7,-0.004912153817713261,-0.0016611465252935886,-0.019559206441044807,-0.04589842827573329
16,6,-0.004988327622413635,-0.0018248818814754486,-0.1328226923942566,-0.046610184878086075
24,9,-0.0051118433475494385,-0.001695193350315094,0.07347919791936874,-0.04776429728202338
16,10,-0.0052274055778980255,-0.0017632367089390755,0.040079645812511444,-0.048844093423974735
16,0,-0.005364760756492615,-0.0019066277891397476,-0.07465206831693649,-0.05012751960462295
26,14,-0.005470553413033485,-0.0018271170556545258,0.013318207114934921,-0.05111603031469695
11,13,-0.005481090396642685,-0.0018744971603155136,0.05463951826095581,-0.05121448630862072
25,9,-0.006082911044359207,-0.002114349976181984,0.06156477704644203,-0.056837808146480276
17,7,-0.006168857216835022,-0.0019427947700023651,0.1821344494819641,-0.057640876287125636
23,10,-0.00627242773771286,-0.002037927508354187,0.0831882432103157,-0.05860862369496328
11,3,-0.006884584203362465,-0.0023398702032864094,-0.023290537297725677,-0.06432852186485094
26,3,-0.007909178733825684,-0.0031680911779403687,-0.7374982237815857,-0.07390217943204559
26,6,-0.012188978493213654,-0.004286032170057297,-0.10334375500679016,-0.11389198626228357
23,0,-0.012303367257118225,-0.004232142120599747,-0.019522011280059814,-0.11496081770984357
23,3,-0.014799833297729492,-0.005086496472358704,0.32107922434806824,-0.13828742183502585
26,7,-0.017546046525239944,-0.0057265423238277435,-0.06465363502502441,-0.1639476262036742
23,4,-0.02185768634080887,-0.007415802218019962,-0.05639292299747467,-0.20423494174173135
24,1,-0.027706138789653778,-0.00935845822095871,-0.07578221708536148,-0.258882003948816
25,15,-0.028113171458244324,-0.009612277150154114,-0.16508668661117554,-0.2626852561348154
24,3,-0.029892519116401672,-0.010178908705711365,-0.2537352442741394,-0.27931121368749406
26,9,-0.045401133596897125,-0.015503945760428905,-0.06973984092473984,-0.4242213805520144
27,8,-0.07245677709579468,-0.025148123502731323,-0.7918310165405273,-0.6770252541013275
27,3,-0.08098016679286957,-0.027487728744745255,0.04093657806515694,-0.7566665286205841
27,2,-0.12506842613220215,-0.04244477301836014,0.004336087498813868,-1.1686206090875342
29,0,-0.16218703985214233,-0.05488137528300285,-0.1381298154592514,-1.5154513665804736
29,14,-0.18653102219104767,-0.06362743675708771,-0.0333181656897068,-1.7429178850959954
28,4,-0.226680725812912,-0.07770171761512756,-0.6373531222343445,-2.118070691861718
28,15,-0.24012817442417145,-0.08224432170391083,-0.3811649978160858,-2.2437216340919495
