layer,head,proj_v30
26,11,0.3757891356945038
23,3,0.32107922434806824
27,10,0.3132304549217224
29,6,0.30906906723976135
27,1,0.2920675277709961
20,10,0.2709819972515106
28,2,0.26566457748413086
21,12,0.25790825486183167
27,0,0.24314270913600922
7,5,0.2302003651857376
17,10,0.19949503242969513
24,7,0.19893980026245117
27,12,0.19781048595905304
28,11,0.19545699656009674
11,10,0.19233845174312592
14,6,0.19112920761108398
28,3,0.18772117793560028
17,7,0.1821344494819641
16,2,0.17809812724590302
22,0,0.17386238276958466
5,2,0.16959768533706665
27,13,0.16605068743228912
6,1,0.1635194569826126
28,14,0.1629132181406021
28,5,0.1544203907251358
19,6,0.15185801684856415
26,8,0.15114019811153412
21,10,0.15073567628860474
28,6,0.14625492691993713
16,5,0.14266973733901978
24,14,0.13996903598308563
12,11,0.1372700333595276
11,11,0.13724613189697266
24,5,0.13255859911441803
25,0,0.13253647089004517
12,8,0.13006830215454102
28,10,0.12587600946426392
27,11,0.12332338094711304
10,3,0.1212964877486229
17,5,0.12109121680259705
8,12,0.11805945634841919
29,7,0.11772022396326065
29,2,0.11383408308029175
15,9,0.11190447211265564
22,7,0.11132863909006119
28,8,0.0992959514260292
25,8,0.09895949810743332
26,10,0.09646841138601303
18,6,0.0950205996632576
9,4,0.09333407878875732
17,8,0.09315705299377441
28,13,0.09255238622426987
0,12,0.08971104025840759
18,13,0.08917665481567383
19,3,0.08592680096626282
16,9,0.08465948700904846
23,10,0.0831882432103157
26,13,0.08187343925237656
6,0,0.08160378783941269
24,8,0.07993470877408981
27,5,0.07819036394357681
19,12,0.0745721161365509
21,14,0.07379143685102463
24,9,0.07347919791936874
9,9,0.0721793994307518
21,6,0.06794662773609161
14,12,0.06705016642808914
26,4,0.0656745508313179
7,15,0.06559840589761734
6,6,0.0654023289680481
28,12,0.06445969641208649
24,12,0.06444347649812698
13,0,0.06433525681495667
15,6,0.06430011242628098
25,9,0.06156477704644203
28,9,0.061127495020627975
27,9,0.060633134096860886
10,9,0.06059745326638222
26,12,0.05935182794928551
24,10,0.05875880643725395
1,1,0.05820062384009361
23,12,0.05529654398560524
22,15,0.05518772080540657
11,13,0.05463951826095581
11,1,0.05443646386265755
15,8,0.05427124723792076
15,4,0.05344768241047859
25,12,0.05296504497528076
17,12,0.05285368859767914
24,4,0.05229540541768074
19,14,0.0519077442586422
23,11,0.051823630928993225
22,11,0.050947174429893494
7,11,0.04972554370760918
29,13,0.049359407275915146
18,12,0.04888534173369408
7,9,0.04718597233295441
18,0,0.04660513997077942
19,7,0.04614461585879326
13,1,0.044238198548555374
4,6,0.04420919343829155
22,13,0.04384751245379448
9,1,0.04205101728439331
23,2,0.041907403618097305
6,11,0.04188021644949913
1,0,0.04180249199271202
5,6,0.04131456837058067
28,7,0.04125456511974335
27,3,0.04093657806515694
3,6,0.040096379816532135
16,10,0.040079645812511444
20,15,0.0399387888610363
25,6,0.03941360116004944
22,10,0.038975078612565994
20,6,0.03862011805176735
18,8,0.03832674399018288
1,6,0.0375945121049881
25,11,0.036681100726127625
14,8,0.03571458160877228
3,2,0.03569882735610008
9,13,0.03557398170232773
8,2,0.03527887165546417
14,0,0.03346102312207222
0,14,0.03201993554830551
1,3,0.0319938026368618
1,7,0.031325485557317734
0,10,0.031232735142111778
22,12,0.030928954482078552
0,11,0.030377311632037163
1,9,0.02878822572529316
4,13,0.027640588581562042
8,8,0.027405589818954468
15,14,0.02686278708279133
19,5,0.026661956682801247
18,7,0.026650628075003624
17,13,0.02613929472863674
17,9,0.025328785181045532
7,4,0.025148266926407814
3,9,0.025079743936657906
25,14,0.024176711216568947
4,3,0.02377168834209442
1,2,0.02353711985051632
5,14,0.022794680669903755
13,7,0.02277086116373539
21,2,0.0222688689827919
0,13,0.02189570665359497
10,5,0.02152605913579464
20,2,0.021506212651729584
1,15,0.021359004080295563
1,5,0.019415317103266716
0,15,0.01901314966380596
13,5,0.01898912526667118
4,7,0.018210899084806442
1,11,0.018030529841780663
6,9,0.017914345487952232
22,8,0.017837243154644966
28,1,0.01780964434146881
5,3,0.01753820851445198
4,9,0.01709774136543274
13,3,0.01707305572926998
8,1,0.016130534932017326
6,12,0.016096942126750946
10,8,0.015849174931645393
20,1,0.015546550042927265
18,1,0.015191424638032913
26,5,0.015149712562561035
14,11,0.01501088123768568
1,12,0.014900111593306065
1,8,0.014791811816394329
27,7,0.014764797873795033
10,13,0.014757453463971615
2,7,0.014106945134699345
25,7,0.013975105248391628
29,3,0.013600406236946583
26,14,0.013318207114934921
29,8,0.012900225818157196
8,10,0.01289681252092123
18,5,0.01258475985378027
16,11,0.012399591505527496
1,4,0.012342131696641445
10,0,0.012167704291641712
17,15,0.011990919709205627
5,13,0.0115409716963768
23,8,0.011270232498645782
11,2,0.01126990094780922
0,8,0.011216633953154087
27,15,0.010376707650721073
0,6,0.009972975589334965
0,9,0.009961278177797794
2,2,0.009841588325798512
9,6,0.009260720573365688
0,4,0.008902416564524174
0,7,0.008848455734550953
3,0,0.00851481780409813
20,13,0.007967261597514153
8,13,0.007367508951574564
4,15,0.007320247124880552
23,14,0.007118047680705786
3,8,0.006806815508753061
6,14,0.006785151083022356
15,1,0.006265238393098116
25,3,0.006091862916946411
1,14,0.005596436094492674
15,3,0.004957190249115229
13,9,0.004589230287820101
27,2,0.004336087498813868
14,15,0.004239604342728853
3,7,0.004221686627715826
18,10,0.0041327644139528275
12,0,0.003908398095518351
2,11,0.0037401372101157904
21,3,0.0032813616562634706
13,6,0.0030893059447407722
6,10,0.002936668461188674
2,4,0.0023907620925456285
2,10,0.002206319011747837
19,8,0.0020824449602514505
23,13,0.0020668033976107836
26,1,0.0016864081844687462
12,7,0.0016294881934300065
3,11,0.001505090738646686
26,15,0.001365498173981905
6,5,0.000884651206433773
5,12,0.0006604244117625058
20,5,0.00061824667500332
9,7,0.0003930476668756455
3,15,6.776341706427047e-06
12,5,-2.6786952730617486e-05
4,5,-0.0005168229108676314
9,11,-0.0006423625163733959
29,9,-0.000677100382745266
15,2,-0.0007534486358053982
29,12,-0.001046905294060707
12,12,-0.0014996221289038658
21,0,-0.0017870422452688217
5,9,-0.0018272107699885964
21,7,-0.0018609780818223953
2,6,-0.002045803237706423
0,5,-0.0021526680793613195
19,15,-0.00236106151714921
6,15,-0.00256295851431787
9,8,-0.0030104315374046564
20,9,-0.003083079354837537
9,10,-0.0032509074080735445
2,15,-0.003300873562693596
7,3,-0.0036715606693178415
20,4,-0.0036763520911335945
13,15,-0.0037382098380476236
25,13,-0.0040756952948868275
5,5,-0.004586057271808386
5,7,-0.004982661455869675
21,15,-0.005701456218957901
9,5,-0.00581703195348382
25,5,-0.005992082413285971
10,4,-0.0060670338571071625
14,14,-0.006234397646039724
7,8,-0.006457976531237364
19,1,-0.006988464388996363
0,2,-0.007407710421830416
8,4,-0.007837588898837566
11,8,-0.00789070688188076
7,14,-0.007976284250617027
4,2,-0.008019017986953259
17,14,-0.008337861858308315
9,3,-0.008903317153453827
5,15,-0.009379652328789234
6,13,-0.009793849661946297
8,14,-0.009828813374042511
4,12,-0.010204826481640339
19,9,-0.010287261568009853
19,10,-0.01034157071262598
17,11,-0.010355441831052303
10,14,-0.010408571921288967
17,3,-0.01043566782027483
4,14,-0.010933478362858295
7,13,-0.011053902097046375
9,12,-0.011141158640384674
2,3,-0.01122902799397707
5,8,-0.011602725833654404
20,0,-0.011726253665983677
12,9,-0.012224174104630947
22,14,-0.012395254336297512
7,7,-0.012643206864595413
2,13,-0.01312855165451765
27,14,-0.01346482615917921
0,0,-0.013505117036402225
4,8,-0.014113422483205795
6,7,-0.01453110110014677
0,1,-0.015081179328262806
7,10,-0.01509097870439291
8,7,-0.01624714396893978
1,13,-0.01676906831562519
3,13,-0.017537526786327362
8,11,-0.017603149637579918
4,11,-0.01770002394914627
15,0,-0.017760762944817543
7,6,-0.0179926585406065
13,11,-0.018196748569607735
14,2,-0.018199944868683815
13,13,-0.018237479031085968
3,3,-0.018440043553709984
9,14,-0.018529193475842476
15,10,-0.018674422055482864
3,12,-0.018715767189860344
2,5,-0.018867112696170807
25,1,-0.01943465694785118
23,0,-0.019522011280059814
6,8,-0.019528048112988472
10,7,-0.019559206441044807
11,5,-0.020583409816026688
2,9,-0.020672470331192017
29,4,-0.020936204120516777
2,1,-0.021138334646821022
23,5,-0.021438343450427055
22,6,-0.021515080705285072
2,0,-0.021807963028550148
5,10,-0.022141071036458015
9,15,-0.02219877578318119
23,9,-0.022356612607836723
24,15,-0.02288794331252575
11,3,-0.023290537297725677
4,0,-0.02354493737220764
18,9,-0.023618360981345177
11,4,-0.02391842007637024
5,0,-0.02416750229895115
12,4,-0.024543024599552155
8,9,-0.024998093023896217
14,4,-0.025246286764740944
0,3,-0.02585926651954651
12,15,-0.026167012751102448
20,7,-0.02664005197584629
3,4,-0.026812070980668068
8,6,-0.027054959908127785
5,11,-0.027418414130806923
10,12,-0.02754606492817402
10,6,-0.027679653838276863
11,14,-0.027780547738075256
4,1,-0.02784004807472229
2,14,-0.027939217165112495
25,4,-0.028315039351582527
22,4,-0.02873513288795948
5,4,-0.029375730082392693
8,5,-0.02978857420384884
16,13,-0.03049645759165287
18,14,-0.03093133680522442
23,15,-0.03132070228457451
18,11,-0.031838130205869675
29,15,-0.03185001388192177
20,3,-0.03222694993019104
7,12,-0.03268083557486534
2,12,-0.032724976539611816
27,6,-0.03308000788092613
29,14,-0.0333181656897068
22,9,-0.034434039145708084
2,8,-0.03480735793709755
10,10,-0.03513476625084877
3,14,-0.03526641055941582
25,2,-0.03532383218407631
27,4,-0.035717811435461044
4,10,-0.03579277917742729
21,13,-0.0364471860229969
24,13,-0.036788832396268845
14,13,-0.03694906830787659
19,13,-0.03714447468519211
21,9,-0.03840702772140503
9,0,-0.03867350146174431
8,15,-0.038703300058841705
20,8,-0.04087955132126808
14,10,-0.04377123340964317
11,12,-0.044328395277261734
15,11,-0.04454213008284569
7,2,-0.04529906436800957
14,7,-0.04531009867787361
9,2,-0.045905474573373795
12,1,-0.04640713334083557
19,4,-0.047468263655900955
11,7,-0.0481414794921875
12,6,-0.04844854399561882
1,10,-0.048779815435409546
16,3,-0.048858076333999634
17,2,-0.05025387927889824
13,14,-0.05101531371474266
13,2,-0.05133052170276642
3,10,-0.05172284319996834
15,7,-0.05227881297469139
15,13,-0.05236329510807991
5,1,-0.0527566559612751
22,1,-0.053278014063835144
8,0,-0.0549975223839283
21,11,-0.05526814982295036
16,12,-0.05567790940403938
10,11,-0.055795859545469284
16,15,-0.056230947375297546
6,3,-0.05639057233929634
23,4,-0.05639292299747467
23,6,-0.05736685171723366
6,2,-0.05786618962883949
7,1,-0.06293509900569916
26,7,-0.06465363502502441
21,5,-0.06470920145511627
17,0,-0.0647430345416069
3,1,-0.06492636352777481
26,2,-0.06559552997350693
11,9,-0.06596244126558304
15,15,-0.0674358680844307
24,6,-0.06766784191131592
10,2,-0.06793587654829025
26,9,-0.06973984092473984
18,2,-0.07102222740650177
14,1,-0.07136999815702438
26,0,-0.07302910089492798
16,0,-0.07465206831693649
24,1,-0.07578221708536148
15,12,-0.07675418257713318
13,12,-0.07850322127342224
28,0,-0.088807113468647
19,0,-0.08915400505065918
19,2,-0.08924650400876999
6,4,-0.08940797299146652
18,3,-0.09597236663103104
19,11,-0.09669121354818344
21,4,-0.0982600748538971
3,5,-0.09854826331138611
17,6,-0.10065975040197372
26,6,-0.10334375500679016
25,10,-0.10560382157564163
23,1,-0.10586590319871902
13,10,-0.10906205326318741
22,5,-0.11008981615304947
16,1,-0.11088024824857712
16,7,-0.11107900738716125
13,8,-0.11156447976827621
14,9,-0.11638760566711426
29,10,-0.11670991033315659
11,15,-0.1175265982747078
22,3,-0.122317373752594
4,4,-0.12381086498498917
8,3,-0.12502415478229523
12,2,-0.12506060302257538
24,11,-0.12985825538635254
13,4,-0.13262180984020233
16,6,-0.1328226923942566
24,2,-0.13630305230617523
21,8,-0.1365223079919815
23,7,-0.13764679431915283
29,0,-0.1381298154592514
10,1,-0.1396011859178543
29,1,-0.14161944389343262
16,14,-0.14774054288864136
14,3,-0.148844376206398
12,14,-0.14892525970935822
17,1,-0.16472023725509644
25,15,-0.16508668661117554
10,15,-0.16575147211551666
29,5,-0.16780447959899902
18,4,-0.16823361814022064
12,10,-0.17620664834976196
11,0,-0.17941361665725708
7,0,-0.1831815242767334
24,0,-0.18446938693523407
20,11,-0.1850338578224182
16,8,-0.19214250147342682
22,2,-0.19516204297542572
21,1,-0.20791184902191162
12,3,-0.21013689041137695
12,13,-0.21547816693782806
20,14,-0.21925276517868042
11,6,-0.22056256234645844
29,11,-0.2230326533317566
14,5,-0.2499402016401291
24,3,-0.2537352442741394
18,15,-0.2578362226486206
20,12,-0.28836145997047424
17,4,-0.30922141671180725
15,5,-0.3312399983406067
16,4,-0.36275413632392883
28,15,-0.3811649978160858
28,4,-0.6373531222343445
26,3,-0.7374982237815857
27,8,-0.7918310165405273
